pet_type,pet_category,food_name,ingredients,description,label
dog,small,shrimp meal,"shrimp, vitamins, minerals",shrimp based nutritious meal suitable for dog (small) providing essential proteins vitamins and minerals.,safe
dog,small,oats meal,"oats, vitamins, minerals",oats based nutritious meal suitable for dog (small) providing essential proteins vitamins and minerals.,safe
dog,small,millet meal,"millet, vitamins, minerals",millet based nutritious meal suitable for dog (small) providing essential proteins vitamins and minerals.,safe
dog,small,tuna meal,"tuna, vitamins, minerals",tuna based nutritious meal suitable for dog (small) providing essential proteins vitamins and minerals.,safe
dog,small,carrot meal,"carrot, vitamins, minerals",carrot based nutritious meal suitable for dog (small) providing essential proteins vitamins and minerals.,safe
dog,small,salmon meal,"salmon, vitamins, minerals",salmon based nutritious meal suitable for dog (small) providing essential proteins vitamins and minerals.,safe
dog,small,oats meal,"oats, vitamins, minerals",oats based nutritious meal suitable for dog (small) providing essential proteins vitamins and minerals.,safe
dog,small,brown rice meal,"brown rice, vitamins, minerals",brown rice based nutritious meal suitable for dog (small) providing essential proteins vitamins and minerals.,safe
dog,small,chicken meal,"chicken, vitamins, minerals",chicken based nutritious meal suitable for dog (small) providing essential proteins vitamins and minerals.,safe
dog,small,brown rice meal,"brown rice, vitamins, minerals",brown rice based nutritious meal suitable for dog (small) providing essential proteins vitamins and minerals.,safe
dog,small,fish meal meal,"fish meal, vitamins, minerals",fish meal based nutritious meal suitable for dog (small) providing essential proteins vitamins and minerals.,safe
dog,small,shrimp meal,"shrimp, vitamins, minerals",shrimp based nutritious meal suitable for dog (small) providing essential proteins vitamins and minerals.,safe
dog,small,sweet potato meal,"sweet potato, vitamins, minerals",sweet potato based nutritious meal suitable for dog (small) providing essential proteins vitamins and minerals.,safe
dog,small,carrot meal,"carrot, vitamins, minerals",carrot based nutritious meal suitable for dog (small) providing essential proteins vitamins and minerals.,safe
dog,small,carrot meal,"carrot, vitamins, minerals",carrot based nutritious meal suitable for dog (small) providing essential proteins vitamins and minerals.,safe
dog,small,oats meal,"oats, vitamins, minerals",oats based nutritious meal suitable for dog (small) providing essential proteins vitamins and minerals.,safe
dog,small,turkey meal,"turkey, vitamins, minerals",turkey based nutritious meal suitable for dog (small) providing essential proteins vitamins and minerals.,safe
dog,small,chicken meal,"chicken, vitamins, minerals",chicken based nutritious meal suitable for dog (small) providing essential proteins vitamins and minerals.,safe
dog,small,salmon meal,"salmon, vitamins, minerals",salmon based nutritious meal suitable for dog (small) providing essential proteins vitamins and minerals.,safe
dog,small,sunflower seeds meal,"sunflower seeds, vitamins, minerals",sunflower seeds based nutritious meal suitable for dog (small) providing essential proteins vitamins and minerals.,safe
dog,small,lamb meal,"lamb, vitamins, minerals",lamb based nutritious meal suitable for dog (small) providing essential proteins vitamins and minerals.,safe
dog,small,chicken meal,"chicken, vitamins, minerals",chicken based nutritious meal suitable for dog (small) providing essential proteins vitamins and minerals.,safe
dog,small,salmon meal,"salmon, vitamins, minerals",salmon based nutritious meal suitable for dog (small) providing essential proteins vitamins and minerals.,safe
dog,small,shrimp meal,"shrimp, vitamins, minerals",shrimp based nutritious meal suitable for dog (small) providing essential proteins vitamins and minerals.,safe
dog,small,broccoli meal,"broccoli, vitamins, minerals",broccoli based nutritious meal suitable for dog (small) providing essential proteins vitamins and minerals.,safe
dog,small,rice meal,"rice, vitamins, minerals",rice based nutritious meal suitable for dog (small) providing essential proteins vitamins and minerals.,safe
dog,small,oats meal,"oats, vitamins, minerals",oats based nutritious meal suitable for dog (small) providing essential proteins vitamins and minerals.,safe
dog,small,duck meal,"duck, vitamins, minerals",duck based nutritious meal suitable for dog (small) providing essential proteins vitamins and minerals.,safe
dog,small,millet meal,"millet, vitamins, minerals",millet based nutritious meal suitable for dog (small) providing essential proteins vitamins and minerals.,safe
dog,small,sunflower seeds meal,"sunflower seeds, vitamins, minerals",sunflower seeds based nutritious meal suitable for dog (small) providing essential proteins vitamins and minerals.,safe
dog,small,duck meal,"duck, vitamins, minerals",duck based nutritious meal suitable for dog (small) providing essential proteins vitamins and minerals.,safe
dog,small,lamb meal,"lamb, vitamins, minerals",lamb based nutritious meal suitable for dog (small) providing essential proteins vitamins and minerals.,safe
dog,small,rice meal,"rice, vitamins, minerals",rice based nutritious meal suitable for dog (small) providing essential proteins vitamins and minerals.,safe
dog,small,broccoli meal,"broccoli, vitamins, minerals",broccoli based nutritious meal suitable for dog (small) providing essential proteins vitamins and minerals.,safe
dog,small,fish meal meal,"fish meal, vitamins, minerals",fish meal based nutritious meal suitable for dog (small) providing essential proteins vitamins and minerals.,safe
dog,small,sweet potato meal,"sweet potato, vitamins, minerals",sweet potato based nutritious meal suitable for dog (small) providing essential proteins vitamins and minerals.,safe
dog,small,duck meal,"duck, vitamins, minerals",duck based nutritious meal suitable for dog (small) providing essential proteins vitamins and minerals.,safe
dog,small,rice meal,"rice, vitamins, minerals",rice based nutritious meal suitable for dog (small) providing essential proteins vitamins and minerals.,safe
dog,small,oats meal,"oats, vitamins, minerals",oats based nutritious meal suitable for dog (small) providing essential proteins vitamins and minerals.,safe
dog,small,lamb meal,"lamb, vitamins, minerals",lamb based nutritious meal suitable for dog (small) providing essential proteins vitamins and minerals.,safe
dog,small,fish meal meal,"fish meal, vitamins, minerals",fish meal based nutritious meal suitable for dog (small) providing essential proteins vitamins and minerals.,safe
dog,small,chicken meal,"chicken, vitamins, minerals",chicken based nutritious meal suitable for dog (small) providing essential proteins vitamins and minerals.,safe
dog,small,oats meal,"oats, vitamins, minerals",oats based nutritious meal suitable for dog (small) providing essential proteins vitamins and minerals.,safe
dog,small,shrimp meal,"shrimp, vitamins, minerals",shrimp based nutritious meal suitable for dog (small) providing essential proteins vitamins and minerals.,safe
dog,small,chicken meal,"chicken, vitamins, minerals",chicken based nutritious meal suitable for dog (small) providing essential proteins vitamins and minerals.,safe
dog,small,carrot meal,"carrot, vitamins, minerals",carrot based nutritious meal suitable for dog (small) providing essential proteins vitamins and minerals.,safe
dog,small,oats meal,"oats, vitamins, minerals",oats based nutritious meal suitable for dog (small) providing essential proteins vitamins and minerals.,safe
dog,small,millet meal,"millet, vitamins, minerals",millet based nutritious meal suitable for dog (small) providing essential proteins vitamins and minerals.,safe
dog,small,tuna meal,"tuna, vitamins, minerals",tuna based nutritious meal suitable for dog (small) providing essential proteins vitamins and minerals.,safe
dog,small,millet meal,"millet, vitamins, minerals",millet based nutritious meal suitable for dog (small) providing essential proteins vitamins and minerals.,safe
dog,small,millet meal,"millet, vitamins, minerals",millet based nutritious meal suitable for dog (small) providing essential proteins vitamins and minerals.,safe
dog,small,tuna meal,"tuna, vitamins, minerals",tuna based nutritious meal suitable for dog (small) providing essential proteins vitamins and minerals.,safe
dog,small,spinach meal,"spinach, vitamins, minerals",spinach based nutritious meal suitable for dog (small) providing essential proteins vitamins and minerals.,safe
dog,small,egg meal,"egg, vitamins, minerals",egg based nutritious meal suitable for dog (small) providing essential proteins vitamins and minerals.,safe
dog,small,sweet potato meal,"sweet potato, vitamins, minerals",sweet potato based nutritious meal suitable for dog (small) providing essential proteins vitamins and minerals.,safe
dog,small,egg meal,"egg, vitamins, minerals",egg based nutritious meal suitable for dog (small) providing essential proteins vitamins and minerals.,safe
dog,small,shrimp meal,"shrimp, vitamins, minerals",shrimp based nutritious meal suitable for dog (small) providing essential proteins vitamins and minerals.,safe
dog,small,carrot meal,"carrot, vitamins, minerals",carrot based nutritious meal suitable for dog (small) providing essential proteins vitamins and minerals.,safe
dog,small,sunflower seeds meal,"sunflower seeds, vitamins, minerals",sunflower seeds based nutritious meal suitable for dog (small) providing essential proteins vitamins and minerals.,safe
dog,small,carrot meal,"carrot, vitamins, minerals",carrot based nutritious meal suitable for dog (small) providing essential proteins vitamins and minerals.,safe
dog,small,shrimp meal,"shrimp, vitamins, minerals",shrimp based nutritious meal suitable for dog (small) providing essential proteins vitamins and minerals.,safe
dog,small,broccoli meal,"broccoli, vitamins, minerals",broccoli based nutritious meal suitable for dog (small) providing essential proteins vitamins and minerals.,safe
dog,small,salmon meal,"salmon, vitamins, minerals",salmon based nutritious meal suitable for dog (small) providing essential proteins vitamins and minerals.,safe
dog,small,sunflower seeds meal,"sunflower seeds, vitamins, minerals",sunflower seeds based nutritious meal suitable for dog (small) providing essential proteins vitamins and minerals.,safe
dog,small,pumpkin meal,"pumpkin, vitamins, minerals",pumpkin based nutritious meal suitable for dog (small) providing essential proteins vitamins and minerals.,safe
dog,small,carrot meal,"carrot, vitamins, minerals",carrot based nutritious meal suitable for dog (small) providing essential proteins vitamins and minerals.,safe
dog,small,spinach meal,"spinach, vitamins, minerals",spinach based nutritious meal suitable for dog (small) providing essential proteins vitamins and minerals.,safe
dog,small,duck meal,"duck, vitamins, minerals",duck based nutritious meal suitable for dog (small) providing essential proteins vitamins and minerals.,safe
dog,small,millet meal,"millet, vitamins, minerals",millet based nutritious meal suitable for dog (small) providing essential proteins vitamins and minerals.,safe
dog,small,broccoli meal,"broccoli, vitamins, minerals",broccoli based nutritious meal suitable for dog (small) providing essential proteins vitamins and minerals.,safe
dog,small,oats meal,"oats, vitamins, minerals",oats based nutritious meal suitable for dog (small) providing essential proteins vitamins and minerals.,safe
dog,small,lamb meal,"lamb, vitamins, minerals",lamb based nutritious meal suitable for dog (small) providing essential proteins vitamins and minerals.,safe
dog,small,tuna meal,"tuna, vitamins, minerals",tuna based nutritious meal suitable for dog (small) providing essential proteins vitamins and minerals.,safe
dog,small,peas meal,"peas, vitamins, minerals",peas based nutritious meal suitable for dog (small) providing essential proteins vitamins and minerals.,safe
dog,small,fish meal meal,"fish meal, vitamins, minerals",fish meal based nutritious meal suitable for dog (small) providing essential proteins vitamins and minerals.,safe
dog,small,shrimp meal,"shrimp, vitamins, minerals",shrimp based nutritious meal suitable for dog (small) providing essential proteins vitamins and minerals.,safe
dog,small,sunflower seeds meal,"sunflower seeds, vitamins, minerals",sunflower seeds based nutritious meal suitable for dog (small) providing essential proteins vitamins and minerals.,safe
dog,small,chicken meal,"chicken, vitamins, minerals",chicken based nutritious meal suitable for dog (small) providing essential proteins vitamins and minerals.,safe
dog,small,rice meal,"rice, vitamins, minerals",rice based nutritious meal suitable for dog (small) providing essential proteins vitamins and minerals.,safe
dog,small,turkey meal,"turkey, vitamins, minerals",turkey based nutritious meal suitable for dog (small) providing essential proteins vitamins and minerals.,safe
dog,small,pumpkin meal,"pumpkin, vitamins, minerals",pumpkin based nutritious meal suitable for dog (small) providing essential proteins vitamins and minerals.,safe
dog,small,broccoli meal,"broccoli, vitamins, minerals",broccoli based nutritious meal suitable for dog (small) providing essential proteins vitamins and minerals.,safe
dog,small,peas meal,"peas, vitamins, minerals",peas based nutritious meal suitable for dog (small) providing essential proteins vitamins and minerals.,safe
dog,small,rice meal,"rice, vitamins, minerals",rice based nutritious meal suitable for dog (small) providing essential proteins vitamins and minerals.,safe
dog,small,egg meal,"egg, vitamins, minerals",egg based nutritious meal suitable for dog (small) providing essential proteins vitamins and minerals.,safe
dog,small,broccoli meal,"broccoli, vitamins, minerals",broccoli based nutritious meal suitable for dog (small) providing essential proteins vitamins and minerals.,safe
dog,small,pumpkin meal,"pumpkin, vitamins, minerals",pumpkin based nutritious meal suitable for dog (small) providing essential proteins vitamins and minerals.,safe
dog,small,broccoli meal,"broccoli, vitamins, minerals",broccoli based nutritious meal suitable for dog (small) providing essential proteins vitamins and minerals.,safe
dog,small,duck meal,"duck, vitamins, minerals",duck based nutritious meal suitable for dog (small) providing essential proteins vitamins and minerals.,safe
dog,small,broccoli meal,"broccoli, vitamins, minerals",broccoli based nutritious meal suitable for dog (small) providing essential proteins vitamins and minerals.,safe
dog,small,turkey meal,"turkey, vitamins, minerals",turkey based nutritious meal suitable for dog (small) providing essential proteins vitamins and minerals.,safe
dog,small,broccoli meal,"broccoli, vitamins, minerals",broccoli based nutritious meal suitable for dog (small) providing essential proteins vitamins and minerals.,safe
dog,small,duck meal,"duck, vitamins, minerals",duck based nutritious meal suitable for dog (small) providing essential proteins vitamins and minerals.,safe
dog,small,peas meal,"peas, vitamins, minerals",peas based nutritious meal suitable for dog (small) providing essential proteins vitamins and minerals.,safe
dog,small,broccoli meal,"broccoli, vitamins, minerals",broccoli based nutritious meal suitable for dog (small) providing essential proteins vitamins and minerals.,safe
dog,small,spinach meal,"spinach, vitamins, minerals",spinach based nutritious meal suitable for dog (small) providing essential proteins vitamins and minerals.,safe
dog,small,pumpkin meal,"pumpkin, vitamins, minerals",pumpkin based nutritious meal suitable for dog (small) providing essential proteins vitamins and minerals.,safe
dog,small,sweet potato meal,"sweet potato, vitamins, minerals",sweet potato based nutritious meal suitable for dog (small) providing essential proteins vitamins and minerals.,safe
dog,small,lamb meal,"lamb, vitamins, minerals",lamb based nutritious meal suitable for dog (small) providing essential proteins vitamins and minerals.,safe
dog,small,brown rice meal,"brown rice, vitamins, minerals",brown rice based nutritious meal suitable for dog (small) providing essential proteins vitamins and minerals.,safe
dog,small,peanut butter snack,"peanut butter, wheat, corn",peanut butter based food occasionally acceptable for dog (small) but should be given in limited quantities.,moderate
dog,small,wheat snack,"wheat, wheat, corn",wheat based food occasionally acceptable for dog (small) but should be given in limited quantities.,moderate
dog,small,honey snack,"honey, wheat, corn",honey based food occasionally acceptable for dog (small) but should be given in limited quantities.,moderate
dog,small,potato snack,"potato, wheat, corn",potato based food occasionally acceptable for dog (small) but should be given in limited quantities.,moderate
dog,small,bread snack,"bread, wheat, corn",bread based food occasionally acceptable for dog (small) but should be given in limited quantities.,moderate
dog,small,corn snack,"corn, wheat, corn",corn based food occasionally acceptable for dog (small) but should be given in limited quantities.,moderate
dog,small,coconut snack,"coconut, wheat, corn",coconut based food occasionally acceptable for dog (small) but should be given in limited quantities.,moderate
dog,small,cheese snack,"cheese, wheat, corn",cheese based food occasionally acceptable for dog (small) but should be given in limited quantities.,moderate
dog,small,mango snack,"mango, wheat, corn",mango based food occasionally acceptable for dog (small) but should be given in limited quantities.,moderate
dog,small,cheese snack,"cheese, wheat, corn",cheese based food occasionally acceptable for dog (small) but should be given in limited quantities.,moderate
dog,small,barley snack,"barley, wheat, corn",barley based food occasionally acceptable for dog (small) but should be given in limited quantities.,moderate
dog,small,bread snack,"bread, wheat, corn",bread based food occasionally acceptable for dog (small) but should be given in limited quantities.,moderate
dog,small,bread snack,"bread, wheat, corn",bread based food occasionally acceptable for dog (small) but should be given in limited quantities.,moderate
dog,small,mango snack,"mango, wheat, corn",mango based food occasionally acceptable for dog (small) but should be given in limited quantities.,moderate
dog,small,bread snack,"bread, wheat, corn",bread based food occasionally acceptable for dog (small) but should be given in limited quantities.,moderate
dog,small,mango snack,"mango, wheat, corn",mango based food occasionally acceptable for dog (small) but should be given in limited quantities.,moderate
dog,small,milk snack,"milk, wheat, corn",milk based food occasionally acceptable for dog (small) but should be given in limited quantities.,moderate
dog,small,barley snack,"barley, wheat, corn",barley based food occasionally acceptable for dog (small) but should be given in limited quantities.,moderate
dog,small,corn snack,"corn, wheat, corn",corn based food occasionally acceptable for dog (small) but should be given in limited quantities.,moderate
dog,small,corn snack,"corn, wheat, corn",corn based food occasionally acceptable for dog (small) but should be given in limited quantities.,moderate
dog,small,banana snack,"banana, wheat, corn",banana based food occasionally acceptable for dog (small) but should be given in limited quantities.,moderate
dog,small,yogurt snack,"yogurt, wheat, corn",yogurt based food occasionally acceptable for dog (small) but should be given in limited quantities.,moderate
dog,small,peanut butter snack,"peanut butter, wheat, corn",peanut butter based food occasionally acceptable for dog (small) but should be given in limited quantities.,moderate
dog,small,yogurt snack,"yogurt, wheat, corn",yogurt based food occasionally acceptable for dog (small) but should be given in limited quantities.,moderate
dog,small,soybean snack,"soybean, wheat, corn",soybean based food occasionally acceptable for dog (small) but should be given in limited quantities.,moderate
dog,small,cheese snack,"cheese, wheat, corn",cheese based food occasionally acceptable for dog (small) but should be given in limited quantities.,moderate
dog,small,peanut butter snack,"peanut butter, wheat, corn",peanut butter based food occasionally acceptable for dog (small) but should be given in limited quantities.,moderate
dog,small,banana snack,"banana, wheat, corn",banana based food occasionally acceptable for dog (small) but should be given in limited quantities.,moderate
dog,small,soybean snack,"soybean, wheat, corn",soybean based food occasionally acceptable for dog (small) but should be given in limited quantities.,moderate
dog,small,honey snack,"honey, wheat, corn",honey based food occasionally acceptable for dog (small) but should be given in limited quantities.,moderate
dog,small,barley snack,"barley, wheat, corn",barley based food occasionally acceptable for dog (small) but should be given in limited quantities.,moderate
dog,small,potato snack,"potato, wheat, corn",potato based food occasionally acceptable for dog (small) but should be given in limited quantities.,moderate
dog,small,peanut butter snack,"peanut butter, wheat, corn",peanut butter based food occasionally acceptable for dog (small) but should be given in limited quantities.,moderate
dog,small,corn snack,"corn, wheat, corn",corn based food occasionally acceptable for dog (small) but should be given in limited quantities.,moderate
dog,small,milk snack,"milk, wheat, corn",milk based food occasionally acceptable for dog (small) but should be given in limited quantities.,moderate
dog,small,yogurt snack,"yogurt, wheat, corn",yogurt based food occasionally acceptable for dog (small) but should be given in limited quantities.,moderate
dog,small,soybean snack,"soybean, wheat, corn",soybean based food occasionally acceptable for dog (small) but should be given in limited quantities.,moderate
dog,small,barley snack,"barley, wheat, corn",barley based food occasionally acceptable for dog (small) but should be given in limited quantities.,moderate
dog,small,soybean snack,"soybean, wheat, corn",soybean based food occasionally acceptable for dog (small) but should be given in limited quantities.,moderate
dog,small,cheese snack,"cheese, wheat, corn",cheese based food occasionally acceptable for dog (small) but should be given in limited quantities.,moderate
dog,small,honey snack,"honey, wheat, corn",honey based food occasionally acceptable for dog (small) but should be given in limited quantities.,moderate
dog,small,milk snack,"milk, wheat, corn",milk based food occasionally acceptable for dog (small) but should be given in limited quantities.,moderate
dog,small,peanut butter snack,"peanut butter, wheat, corn",peanut butter based food occasionally acceptable for dog (small) but should be given in limited quantities.,moderate
dog,small,banana snack,"banana, wheat, corn",banana based food occasionally acceptable for dog (small) but should be given in limited quantities.,moderate
dog,small,banana snack,"banana, wheat, corn",banana based food occasionally acceptable for dog (small) but should be given in limited quantities.,moderate
dog,small,honey snack,"honey, wheat, corn",honey based food occasionally acceptable for dog (small) but should be given in limited quantities.,moderate
dog,small,yogurt snack,"yogurt, wheat, corn",yogurt based food occasionally acceptable for dog (small) but should be given in limited quantities.,moderate
dog,small,mango snack,"mango, wheat, corn",mango based food occasionally acceptable for dog (small) but should be given in limited quantities.,moderate
dog,small,mango snack,"mango, wheat, corn",mango based food occasionally acceptable for dog (small) but should be given in limited quantities.,moderate
dog,small,coconut snack,"coconut, wheat, corn",coconut based food occasionally acceptable for dog (small) but should be given in limited quantities.,moderate
dog,small,milk snack,"milk, wheat, corn",milk based food occasionally acceptable for dog (small) but should be given in limited quantities.,moderate
dog,small,bread snack,"bread, wheat, corn",bread based food occasionally acceptable for dog (small) but should be given in limited quantities.,moderate
dog,small,apple snack,"apple, wheat, corn",apple based food occasionally acceptable for dog (small) but should be given in limited quantities.,moderate
dog,small,cheese snack,"cheese, wheat, corn",cheese based food occasionally acceptable for dog (small) but should be given in limited quantities.,moderate
dog,small,wheat snack,"wheat, wheat, corn",wheat based food occasionally acceptable for dog (small) but should be given in limited quantities.,moderate
dog,small,cheese snack,"cheese, wheat, corn",cheese based food occasionally acceptable for dog (small) but should be given in limited quantities.,moderate
dog,small,bread snack,"bread, wheat, corn",bread based food occasionally acceptable for dog (small) but should be given in limited quantities.,moderate
dog,small,honey snack,"honey, wheat, corn",honey based food occasionally acceptable for dog (small) but should be given in limited quantities.,moderate
dog,small,banana snack,"banana, wheat, corn",banana based food occasionally acceptable for dog (small) but should be given in limited quantities.,moderate
dog,small,wheat snack,"wheat, wheat, corn",wheat based food occasionally acceptable for dog (small) but should be given in limited quantities.,moderate
dog,small,apple snack,"apple, wheat, corn",apple based food occasionally acceptable for dog (small) but should be given in limited quantities.,moderate
dog,small,cheese snack,"cheese, wheat, corn",cheese based food occasionally acceptable for dog (small) but should be given in limited quantities.,moderate
dog,small,corn snack,"corn, wheat, corn",corn based food occasionally acceptable for dog (small) but should be given in limited quantities.,moderate
dog,small,barley snack,"barley, wheat, corn",barley based food occasionally acceptable for dog (small) but should be given in limited quantities.,moderate
dog,small,barley snack,"barley, wheat, corn",barley based food occasionally acceptable for dog (small) but should be given in limited quantities.,moderate
dog,small,potato snack,"potato, wheat, corn",potato based food occasionally acceptable for dog (small) but should be given in limited quantities.,moderate
dog,small,banana snack,"banana, wheat, corn",banana based food occasionally acceptable for dog (small) but should be given in limited quantities.,moderate
dog,small,honey snack,"honey, wheat, corn",honey based food occasionally acceptable for dog (small) but should be given in limited quantities.,moderate
dog,small,yogurt snack,"yogurt, wheat, corn",yogurt based food occasionally acceptable for dog (small) but should be given in limited quantities.,moderate
dog,small,barley snack,"barley, wheat, corn",barley based food occasionally acceptable for dog (small) but should be given in limited quantities.,moderate
dog,small,barley snack,"barley, wheat, corn",barley based food occasionally acceptable for dog (small) but should be given in limited quantities.,moderate
dog,small,milk snack,"milk, wheat, corn",milk based food occasionally acceptable for dog (small) but should be given in limited quantities.,moderate
dog,small,potato snack,"potato, wheat, corn",potato based food occasionally acceptable for dog (small) but should be given in limited quantities.,moderate
dog,small,milk snack,"milk, wheat, corn",milk based food occasionally acceptable for dog (small) but should be given in limited quantities.,moderate
dog,small,cheese snack,"cheese, wheat, corn",cheese based food occasionally acceptable for dog (small) but should be given in limited quantities.,moderate
dog,small,bread snack,"bread, wheat, corn",bread based food occasionally acceptable for dog (small) but should be given in limited quantities.,moderate
dog,small,potato snack,"potato, wheat, corn",potato based food occasionally acceptable for dog (small) but should be given in limited quantities.,moderate
dog,small,banana snack,"banana, wheat, corn",banana based food occasionally acceptable for dog (small) but should be given in limited quantities.,moderate
dog,small,yogurt snack,"yogurt, wheat, corn",yogurt based food occasionally acceptable for dog (small) but should be given in limited quantities.,moderate
dog,small,banana snack,"banana, wheat, corn",banana based food occasionally acceptable for dog (small) but should be given in limited quantities.,moderate
dog,small,corn snack,"corn, wheat, corn",corn based food occasionally acceptable for dog (small) but should be given in limited quantities.,moderate
dog,small,potato snack,"potato, wheat, corn",potato based food occasionally acceptable for dog (small) but should be given in limited quantities.,moderate
dog,small,cheese snack,"cheese, wheat, corn",cheese based food occasionally acceptable for dog (small) but should be given in limited quantities.,moderate
dog,small,peanut butter snack,"peanut butter, wheat, corn",peanut butter based food occasionally acceptable for dog (small) but should be given in limited quantities.,moderate
dog,small,yogurt snack,"yogurt, wheat, corn",yogurt based food occasionally acceptable for dog (small) but should be given in limited quantities.,moderate
dog,small,cheese snack,"cheese, wheat, corn",cheese based food occasionally acceptable for dog (small) but should be given in limited quantities.,moderate
dog,small,yogurt snack,"yogurt, wheat, corn",yogurt based food occasionally acceptable for dog (small) but should be given in limited quantities.,moderate
dog,small,milk snack,"milk, wheat, corn",milk based food occasionally acceptable for dog (small) but should be given in limited quantities.,moderate
dog,small,milk snack,"milk, wheat, corn",milk based food occasionally acceptable for dog (small) but should be given in limited quantities.,moderate
dog,small,potato snack,"potato, wheat, corn",potato based food occasionally acceptable for dog (small) but should be given in limited quantities.,moderate
dog,small,soybean snack,"soybean, wheat, corn",soybean based food occasionally acceptable for dog (small) but should be given in limited quantities.,moderate
dog,small,coconut snack,"coconut, wheat, corn",coconut based food occasionally acceptable for dog (small) but should be given in limited quantities.,moderate
dog,small,barley snack,"barley, wheat, corn",barley based food occasionally acceptable for dog (small) but should be given in limited quantities.,moderate
dog,small,barley snack,"barley, wheat, corn",barley based food occasionally acceptable for dog (small) but should be given in limited quantities.,moderate
dog,small,apple snack,"apple, wheat, corn",apple based food occasionally acceptable for dog (small) but should be given in limited quantities.,moderate
dog,small,coconut snack,"coconut, wheat, corn",coconut based food occasionally acceptable for dog (small) but should be given in limited quantities.,moderate
dog,small,mango snack,"mango, wheat, corn",mango based food occasionally acceptable for dog (small) but should be given in limited quantities.,moderate
dog,small,soybean snack,"soybean, wheat, corn",soybean based food occasionally acceptable for dog (small) but should be given in limited quantities.,moderate
dog,small,cheese snack,"cheese, wheat, corn",cheese based food occasionally acceptable for dog (small) but should be given in limited quantities.,moderate
dog,small,potato snack,"potato, wheat, corn",potato based food occasionally acceptable for dog (small) but should be given in limited quantities.,moderate
dog,small,grapes food,"grapes, additives",grapes containing product that may be harmful or toxic for dog (small) and should be avoided.,unsafe
dog,small,garlic food,"garlic, additives",garlic containing product that may be harmful or toxic for dog (small) and should be avoided.,unsafe
dog,small,macadamia nuts food,"macadamia nuts, additives",macadamia nuts containing product that may be harmful or toxic for dog (small) and should be avoided.,unsafe
dog,small,macadamia nuts food,"macadamia nuts, additives",macadamia nuts containing product that may be harmful or toxic for dog (small) and should be avoided.,unsafe
dog,small,detergent food,"detergent, additives",detergent containing product that may be harmful or toxic for dog (small) and should be avoided.,unsafe
dog,small,chocolate food,"chocolate, additives",chocolate containing product that may be harmful or toxic for dog (small) and should be avoided.,unsafe
dog,small,xylitol food,"xylitol, additives",xylitol containing product that may be harmful or toxic for dog (small) and should be avoided.,unsafe
dog,small,caffeine food,"caffeine, additives",caffeine containing product that may be harmful or toxic for dog (small) and should be avoided.,unsafe
dog,small,macadamia nuts food,"macadamia nuts, additives",macadamia nuts containing product that may be harmful or toxic for dog (small) and should be avoided.,unsafe
dog,small,caffeine food,"caffeine, additives",caffeine containing product that may be harmful or toxic for dog (small) and should be avoided.,unsafe
dog,small,raisins food,"raisins, additives",raisins containing product that may be harmful or toxic for dog (small) and should be avoided.,unsafe
dog,small,detergent food,"detergent, additives",detergent containing product that may be harmful or toxic for dog (small) and should be avoided.,unsafe
dog,small,macadamia nuts food,"macadamia nuts, additives",macadamia nuts containing product that may be harmful or toxic for dog (small) and should be avoided.,unsafe
dog,small,raisins food,"raisins, additives",raisins containing product that may be harmful or toxic for dog (small) and should be avoided.,unsafe
dog,small,alcohol food,"alcohol, additives",alcohol containing product that may be harmful or toxic for dog (small) and should be avoided.,unsafe
dog,small,oil residue food,"oil residue, additives",oil residue containing product that may be harmful or toxic for dog (small) and should be avoided.,unsafe
dog,small,garlic food,"garlic, additives",garlic containing product that may be harmful or toxic for dog (small) and should be avoided.,unsafe
dog,small,detergent food,"detergent, additives",detergent containing product that may be harmful or toxic for dog (small) and should be avoided.,unsafe
dog,small,alcohol food,"alcohol, additives",alcohol containing product that may be harmful or toxic for dog (small) and should be avoided.,unsafe
dog,small,macadamia nuts food,"macadamia nuts, additives",macadamia nuts containing product that may be harmful or toxic for dog (small) and should be avoided.,unsafe
dog,small,detergent food,"detergent, additives",detergent containing product that may be harmful or toxic for dog (small) and should be avoided.,unsafe
dog,small,raisins food,"raisins, additives",raisins containing product that may be harmful or toxic for dog (small) and should be avoided.,unsafe
dog,small,salt overdose food,"salt overdose, additives",salt overdose containing product that may be harmful or toxic for dog (small) and should be avoided.,unsafe
dog,small,macadamia nuts food,"macadamia nuts, additives",macadamia nuts containing product that may be harmful or toxic for dog (small) and should be avoided.,unsafe
dog,small,soap food,"soap, additives",soap containing product that may be harmful or toxic for dog (small) and should be avoided.,unsafe
dog,small,avocado food,"avocado, additives",avocado containing product that may be harmful or toxic for dog (small) and should be avoided.,unsafe
dog,small,alcohol food,"alcohol, additives",alcohol containing product that may be harmful or toxic for dog (small) and should be avoided.,unsafe
dog,small,oil residue food,"oil residue, additives",oil residue containing product that may be harmful or toxic for dog (small) and should be avoided.,unsafe
dog,small,chocolate food,"chocolate, additives",chocolate containing product that may be harmful or toxic for dog (small) and should be avoided.,unsafe
dog,small,raisins food,"raisins, additives",raisins containing product that may be harmful or toxic for dog (small) and should be avoided.,unsafe
dog,small,avocado food,"avocado, additives",avocado containing product that may be harmful or toxic for dog (small) and should be avoided.,unsafe
dog,small,ammonia food,"ammonia, additives",ammonia containing product that may be harmful or toxic for dog (small) and should be avoided.,unsafe
dog,small,chocolate food,"chocolate, additives",chocolate containing product that may be harmful or toxic for dog (small) and should be avoided.,unsafe
dog,small,salt overdose food,"salt overdose, additives",salt overdose containing product that may be harmful or toxic for dog (small) and should be avoided.,unsafe
dog,small,garlic food,"garlic, additives",garlic containing product that may be harmful or toxic for dog (small) and should be avoided.,unsafe
dog,small,macadamia nuts food,"macadamia nuts, additives",macadamia nuts containing product that may be harmful or toxic for dog (small) and should be avoided.,unsafe
dog,small,raisins food,"raisins, additives",raisins containing product that may be harmful or toxic for dog (small) and should be avoided.,unsafe
dog,small,grapes food,"grapes, additives",grapes containing product that may be harmful or toxic for dog (small) and should be avoided.,unsafe
dog,small,onion food,"onion, additives",onion containing product that may be harmful or toxic for dog (small) and should be avoided.,unsafe
dog,small,grapes food,"grapes, additives",grapes containing product that may be harmful or toxic for dog (small) and should be avoided.,unsafe
dog,small,xylitol food,"xylitol, additives",xylitol containing product that may be harmful or toxic for dog (small) and should be avoided.,unsafe
dog,small,alcohol food,"alcohol, additives",alcohol containing product that may be harmful or toxic for dog (small) and should be avoided.,unsafe
dog,small,chocolate food,"chocolate, additives",chocolate containing product that may be harmful or toxic for dog (small) and should be avoided.,unsafe
dog,small,chocolate food,"chocolate, additives",chocolate containing product that may be harmful or toxic for dog (small) and should be avoided.,unsafe
dog,small,garlic food,"garlic, additives",garlic containing product that may be harmful or toxic for dog (small) and should be avoided.,unsafe
dog,small,detergent food,"detergent, additives",detergent containing product that may be harmful or toxic for dog (small) and should be avoided.,unsafe
dog,small,oil residue food,"oil residue, additives",oil residue containing product that may be harmful or toxic for dog (small) and should be avoided.,unsafe
dog,small,avocado food,"avocado, additives",avocado containing product that may be harmful or toxic for dog (small) and should be avoided.,unsafe
dog,small,caffeine food,"caffeine, additives",caffeine containing product that may be harmful or toxic for dog (small) and should be avoided.,unsafe
dog,small,alcohol food,"alcohol, additives",alcohol containing product that may be harmful or toxic for dog (small) and should be avoided.,unsafe
dog,small,macadamia nuts food,"macadamia nuts, additives",macadamia nuts containing product that may be harmful or toxic for dog (small) and should be avoided.,unsafe
dog,small,grapes food,"grapes, additives",grapes containing product that may be harmful or toxic for dog (small) and should be avoided.,unsafe
dog,small,grapes food,"grapes, additives",grapes containing product that may be harmful or toxic for dog (small) and should be avoided.,unsafe
dog,small,ammonia food,"ammonia, additives",ammonia containing product that may be harmful or toxic for dog (small) and should be avoided.,unsafe
dog,small,grapes food,"grapes, additives",grapes containing product that may be harmful or toxic for dog (small) and should be avoided.,unsafe
dog,small,oil residue food,"oil residue, additives",oil residue containing product that may be harmful or toxic for dog (small) and should be avoided.,unsafe
dog,small,chocolate food,"chocolate, additives",chocolate containing product that may be harmful or toxic for dog (small) and should be avoided.,unsafe
dog,small,garlic food,"garlic, additives",garlic containing product that may be harmful or toxic for dog (small) and should be avoided.,unsafe
dog,small,macadamia nuts food,"macadamia nuts, additives",macadamia nuts containing product that may be harmful or toxic for dog (small) and should be avoided.,unsafe
dog,small,caffeine food,"caffeine, additives",caffeine containing product that may be harmful or toxic for dog (small) and should be avoided.,unsafe
dog,small,macadamia nuts food,"macadamia nuts, additives",macadamia nuts containing product that may be harmful or toxic for dog (small) and should be avoided.,unsafe
dog,small,avocado food,"avocado, additives",avocado containing product that may be harmful or toxic for dog (small) and should be avoided.,unsafe
dog,small,avocado food,"avocado, additives",avocado containing product that may be harmful or toxic for dog (small) and should be avoided.,unsafe
dog,small,macadamia nuts food,"macadamia nuts, additives",macadamia nuts containing product that may be harmful or toxic for dog (small) and should be avoided.,unsafe
dog,small,avocado food,"avocado, additives",avocado containing product that may be harmful or toxic for dog (small) and should be avoided.,unsafe
dog,small,chocolate food,"chocolate, additives",chocolate containing product that may be harmful or toxic for dog (small) and should be avoided.,unsafe
dog,small,soap food,"soap, additives",soap containing product that may be harmful or toxic for dog (small) and should be avoided.,unsafe
dog,small,soap food,"soap, additives",soap containing product that may be harmful or toxic for dog (small) and should be avoided.,unsafe
dog,small,soap food,"soap, additives",soap containing product that may be harmful or toxic for dog (small) and should be avoided.,unsafe
dog,small,xylitol food,"xylitol, additives",xylitol containing product that may be harmful or toxic for dog (small) and should be avoided.,unsafe
dog,small,avocado food,"avocado, additives",avocado containing product that may be harmful or toxic for dog (small) and should be avoided.,unsafe
dog,small,caffeine food,"caffeine, additives",caffeine containing product that may be harmful or toxic for dog (small) and should be avoided.,unsafe
dog,small,oil residue food,"oil residue, additives",oil residue containing product that may be harmful or toxic for dog (small) and should be avoided.,unsafe
dog,small,macadamia nuts food,"macadamia nuts, additives",macadamia nuts containing product that may be harmful or toxic for dog (small) and should be avoided.,unsafe
dog,small,alcohol food,"alcohol, additives",alcohol containing product that may be harmful or toxic for dog (small) and should be avoided.,unsafe
dog,small,macadamia nuts food,"macadamia nuts, additives",macadamia nuts containing product that may be harmful or toxic for dog (small) and should be avoided.,unsafe
dog,small,soap food,"soap, additives",soap containing product that may be harmful or toxic for dog (small) and should be avoided.,unsafe
dog,small,salt overdose food,"salt overdose, additives",salt overdose containing product that may be harmful or toxic for dog (small) and should be avoided.,unsafe
dog,small,chocolate food,"chocolate, additives",chocolate containing product that may be harmful or toxic for dog (small) and should be avoided.,unsafe
dog,small,garlic food,"garlic, additives",garlic containing product that may be harmful or toxic for dog (small) and should be avoided.,unsafe
dog,small,onion food,"onion, additives",onion containing product that may be harmful or toxic for dog (small) and should be avoided.,unsafe
dog,small,xylitol food,"xylitol, additives",xylitol containing product that may be harmful or toxic for dog (small) and should be avoided.,unsafe
dog,small,grapes food,"grapes, additives",grapes containing product that may be harmful or toxic for dog (small) and should be avoided.,unsafe
dog,small,soap food,"soap, additives",soap containing product that may be harmful or toxic for dog (small) and should be avoided.,unsafe
dog,small,xylitol food,"xylitol, additives",xylitol containing product that may be harmful or toxic for dog (small) and should be avoided.,unsafe
dog,small,ammonia food,"ammonia, additives",ammonia containing product that may be harmful or toxic for dog (small) and should be avoided.,unsafe
dog,small,macadamia nuts food,"macadamia nuts, additives",macadamia nuts containing product that may be harmful or toxic for dog (small) and should be avoided.,unsafe
dog,small,ammonia food,"ammonia, additives",ammonia containing product that may be harmful or toxic for dog (small) and should be avoided.,unsafe
dog,small,avocado food,"avocado, additives",avocado containing product that may be harmful or toxic for dog (small) and should be avoided.,unsafe
dog,small,garlic food,"garlic, additives",garlic containing product that may be harmful or toxic for dog (small) and should be avoided.,unsafe
dog,small,garlic food,"garlic, additives",garlic containing product that may be harmful or toxic for dog (small) and should be avoided.,unsafe
dog,small,oil residue food,"oil residue, additives",oil residue containing product that may be harmful or toxic for dog (small) and should be avoided.,unsafe
dog,small,grapes food,"grapes, additives",grapes containing product that may be harmful or toxic for dog (small) and should be avoided.,unsafe
dog,small,detergent food,"detergent, additives",detergent containing product that may be harmful or toxic for dog (small) and should be avoided.,unsafe
dog,small,xylitol food,"xylitol, additives",xylitol containing product that may be harmful or toxic for dog (small) and should be avoided.,unsafe
dog,small,ammonia food,"ammonia, additives",ammonia containing product that may be harmful or toxic for dog (small) and should be avoided.,unsafe
dog,small,alcohol food,"alcohol, additives",alcohol containing product that may be harmful or toxic for dog (small) and should be avoided.,unsafe
dog,small,oil residue food,"oil residue, additives",oil residue containing product that may be harmful or toxic for dog (small) and should be avoided.,unsafe
dog,small,caffeine food,"caffeine, additives",caffeine containing product that may be harmful or toxic for dog (small) and should be avoided.,unsafe
dog,small,raisins food,"raisins, additives",raisins containing product that may be harmful or toxic for dog (small) and should be avoided.,unsafe
dog,big,duck meal,"duck, vitamins, minerals",duck based nutritious meal suitable for dog (big) providing essential proteins vitamins and minerals.,safe
dog,big,lamb meal,"lamb, vitamins, minerals",lamb based nutritious meal suitable for dog (big) providing essential proteins vitamins and minerals.,safe
dog,big,sunflower seeds meal,"sunflower seeds, vitamins, minerals",sunflower seeds based nutritious meal suitable for dog (big) providing essential proteins vitamins and minerals.,safe
dog,big,carrot meal,"carrot, vitamins, minerals",carrot based nutritious meal suitable for dog (big) providing essential proteins vitamins and minerals.,safe
dog,big,carrot meal,"carrot, vitamins, minerals",carrot based nutritious meal suitable for dog (big) providing essential proteins vitamins and minerals.,safe
dog,big,tuna meal,"tuna, vitamins, minerals",tuna based nutritious meal suitable for dog (big) providing essential proteins vitamins and minerals.,safe
dog,big,broccoli meal,"broccoli, vitamins, minerals",broccoli based nutritious meal suitable for dog (big) providing essential proteins vitamins and minerals.,safe
dog,big,oats meal,"oats, vitamins, minerals",oats based nutritious meal suitable for dog (big) providing essential proteins vitamins and minerals.,safe
dog,big,sunflower seeds meal,"sunflower seeds, vitamins, minerals",sunflower seeds based nutritious meal suitable for dog (big) providing essential proteins vitamins and minerals.,safe
dog,big,carrot meal,"carrot, vitamins, minerals",carrot based nutritious meal suitable for dog (big) providing essential proteins vitamins and minerals.,safe
dog,big,sunflower seeds meal,"sunflower seeds, vitamins, minerals",sunflower seeds based nutritious meal suitable for dog (big) providing essential proteins vitamins and minerals.,safe
dog,big,oats meal,"oats, vitamins, minerals",oats based nutritious meal suitable for dog (big) providing essential proteins vitamins and minerals.,safe
dog,big,broccoli meal,"broccoli, vitamins, minerals",broccoli based nutritious meal suitable for dog (big) providing essential proteins vitamins and minerals.,safe
dog,big,duck meal,"duck, vitamins, minerals",duck based nutritious meal suitable for dog (big) providing essential proteins vitamins and minerals.,safe
dog,big,fish meal meal,"fish meal, vitamins, minerals",fish meal based nutritious meal suitable for dog (big) providing essential proteins vitamins and minerals.,safe
dog,big,pumpkin meal,"pumpkin, vitamins, minerals",pumpkin based nutritious meal suitable for dog (big) providing essential proteins vitamins and minerals.,safe
dog,big,chicken meal,"chicken, vitamins, minerals",chicken based nutritious meal suitable for dog (big) providing essential proteins vitamins and minerals.,safe
dog,big,salmon meal,"salmon, vitamins, minerals",salmon based nutritious meal suitable for dog (big) providing essential proteins vitamins and minerals.,safe
dog,big,fish meal meal,"fish meal, vitamins, minerals",fish meal based nutritious meal suitable for dog (big) providing essential proteins vitamins and minerals.,safe
dog,big,duck meal,"duck, vitamins, minerals",duck based nutritious meal suitable for dog (big) providing essential proteins vitamins and minerals.,safe
dog,big,lamb meal,"lamb, vitamins, minerals",lamb based nutritious meal suitable for dog (big) providing essential proteins vitamins and minerals.,safe
dog,big,duck meal,"duck, vitamins, minerals",duck based nutritious meal suitable for dog (big) providing essential proteins vitamins and minerals.,safe
dog,big,egg meal,"egg, vitamins, minerals",egg based nutritious meal suitable for dog (big) providing essential proteins vitamins and minerals.,safe
dog,big,millet meal,"millet, vitamins, minerals",millet based nutritious meal suitable for dog (big) providing essential proteins vitamins and minerals.,safe
dog,big,oats meal,"oats, vitamins, minerals",oats based nutritious meal suitable for dog (big) providing essential proteins vitamins and minerals.,safe
dog,big,salmon meal,"salmon, vitamins, minerals",salmon based nutritious meal suitable for dog (big) providing essential proteins vitamins and minerals.,safe
dog,big,salmon meal,"salmon, vitamins, minerals",salmon based nutritious meal suitable for dog (big) providing essential proteins vitamins and minerals.,safe
dog,big,fish meal meal,"fish meal, vitamins, minerals",fish meal based nutritious meal suitable for dog (big) providing essential proteins vitamins and minerals.,safe
dog,big,fish meal meal,"fish meal, vitamins, minerals",fish meal based nutritious meal suitable for dog (big) providing essential proteins vitamins and minerals.,safe
dog,big,chicken meal,"chicken, vitamins, minerals",chicken based nutritious meal suitable for dog (big) providing essential proteins vitamins and minerals.,safe
dog,big,fish meal meal,"fish meal, vitamins, minerals",fish meal based nutritious meal suitable for dog (big) providing essential proteins vitamins and minerals.,safe
dog,big,lamb meal,"lamb, vitamins, minerals",lamb based nutritious meal suitable for dog (big) providing essential proteins vitamins and minerals.,safe
dog,big,brown rice meal,"brown rice, vitamins, minerals",brown rice based nutritious meal suitable for dog (big) providing essential proteins vitamins and minerals.,safe
dog,big,turkey meal,"turkey, vitamins, minerals",turkey based nutritious meal suitable for dog (big) providing essential proteins vitamins and minerals.,safe
dog,big,egg meal,"egg, vitamins, minerals",egg based nutritious meal suitable for dog (big) providing essential proteins vitamins and minerals.,safe
dog,big,fish meal meal,"fish meal, vitamins, minerals",fish meal based nutritious meal suitable for dog (big) providing essential proteins vitamins and minerals.,safe
dog,big,broccoli meal,"broccoli, vitamins, minerals",broccoli based nutritious meal suitable for dog (big) providing essential proteins vitamins and minerals.,safe
dog,big,brown rice meal,"brown rice, vitamins, minerals",brown rice based nutritious meal suitable for dog (big) providing essential proteins vitamins and minerals.,safe
dog,big,egg meal,"egg, vitamins, minerals",egg based nutritious meal suitable for dog (big) providing essential proteins vitamins and minerals.,safe
dog,big,chicken meal,"chicken, vitamins, minerals",chicken based nutritious meal suitable for dog (big) providing essential proteins vitamins and minerals.,safe
dog,big,fish meal meal,"fish meal, vitamins, minerals",fish meal based nutritious meal suitable for dog (big) providing essential proteins vitamins and minerals.,safe
dog,big,brown rice meal,"brown rice, vitamins, minerals",brown rice based nutritious meal suitable for dog (big) providing essential proteins vitamins and minerals.,safe
dog,big,carrot meal,"carrot, vitamins, minerals",carrot based nutritious meal suitable for dog (big) providing essential proteins vitamins and minerals.,safe
dog,big,turkey meal,"turkey, vitamins, minerals",turkey based nutritious meal suitable for dog (big) providing essential proteins vitamins and minerals.,safe
dog,big,rice meal,"rice, vitamins, minerals",rice based nutritious meal suitable for dog (big) providing essential proteins vitamins and minerals.,safe
dog,big,pumpkin meal,"pumpkin, vitamins, minerals",pumpkin based nutritious meal suitable for dog (big) providing essential proteins vitamins and minerals.,safe
dog,big,sweet potato meal,"sweet potato, vitamins, minerals",sweet potato based nutritious meal suitable for dog (big) providing essential proteins vitamins and minerals.,safe
dog,big,turkey meal,"turkey, vitamins, minerals",turkey based nutritious meal suitable for dog (big) providing essential proteins vitamins and minerals.,safe
dog,big,tuna meal,"tuna, vitamins, minerals",tuna based nutritious meal suitable for dog (big) providing essential proteins vitamins and minerals.,safe
dog,big,egg meal,"egg, vitamins, minerals",egg based nutritious meal suitable for dog (big) providing essential proteins vitamins and minerals.,safe
dog,big,spinach meal,"spinach, vitamins, minerals",spinach based nutritious meal suitable for dog (big) providing essential proteins vitamins and minerals.,safe
dog,big,peas meal,"peas, vitamins, minerals",peas based nutritious meal suitable for dog (big) providing essential proteins vitamins and minerals.,safe
dog,big,millet meal,"millet, vitamins, minerals",millet based nutritious meal suitable for dog (big) providing essential proteins vitamins and minerals.,safe
dog,big,egg meal,"egg, vitamins, minerals",egg based nutritious meal suitable for dog (big) providing essential proteins vitamins and minerals.,safe
dog,big,tuna meal,"tuna, vitamins, minerals",tuna based nutritious meal suitable for dog (big) providing essential proteins vitamins and minerals.,safe
dog,big,egg meal,"egg, vitamins, minerals",egg based nutritious meal suitable for dog (big) providing essential proteins vitamins and minerals.,safe
dog,big,shrimp meal,"shrimp, vitamins, minerals",shrimp based nutritious meal suitable for dog (big) providing essential proteins vitamins and minerals.,safe
dog,big,carrot meal,"carrot, vitamins, minerals",carrot based nutritious meal suitable for dog (big) providing essential proteins vitamins and minerals.,safe
dog,big,lamb meal,"lamb, vitamins, minerals",lamb based nutritious meal suitable for dog (big) providing essential proteins vitamins and minerals.,safe
dog,big,rice meal,"rice, vitamins, minerals",rice based nutritious meal suitable for dog (big) providing essential proteins vitamins and minerals.,safe
dog,big,oats meal,"oats, vitamins, minerals",oats based nutritious meal suitable for dog (big) providing essential proteins vitamins and minerals.,safe
dog,big,brown rice meal,"brown rice, vitamins, minerals",brown rice based nutritious meal suitable for dog (big) providing essential proteins vitamins and minerals.,safe
dog,big,rice meal,"rice, vitamins, minerals",rice based nutritious meal suitable for dog (big) providing essential proteins vitamins and minerals.,safe
dog,big,brown rice meal,"brown rice, vitamins, minerals",brown rice based nutritious meal suitable for dog (big) providing essential proteins vitamins and minerals.,safe
dog,big,sunflower seeds meal,"sunflower seeds, vitamins, minerals",sunflower seeds based nutritious meal suitable for dog (big) providing essential proteins vitamins and minerals.,safe
dog,big,rice meal,"rice, vitamins, minerals",rice based nutritious meal suitable for dog (big) providing essential proteins vitamins and minerals.,safe
dog,big,millet meal,"millet, vitamins, minerals",millet based nutritious meal suitable for dog (big) providing essential proteins vitamins and minerals.,safe
dog,big,peas meal,"peas, vitamins, minerals",peas based nutritious meal suitable for dog (big) providing essential proteins vitamins and minerals.,safe
dog,big,egg meal,"egg, vitamins, minerals",egg based nutritious meal suitable for dog (big) providing essential proteins vitamins and minerals.,safe
dog,big,pumpkin meal,"pumpkin, vitamins, minerals",pumpkin based nutritious meal suitable for dog (big) providing essential proteins vitamins and minerals.,safe
dog,big,spinach meal,"spinach, vitamins, minerals",spinach based nutritious meal suitable for dog (big) providing essential proteins vitamins and minerals.,safe
dog,big,millet meal,"millet, vitamins, minerals",millet based nutritious meal suitable for dog (big) providing essential proteins vitamins and minerals.,safe
dog,big,shrimp meal,"shrimp, vitamins, minerals",shrimp based nutritious meal suitable for dog (big) providing essential proteins vitamins and minerals.,safe
dog,big,sweet potato meal,"sweet potato, vitamins, minerals",sweet potato based nutritious meal suitable for dog (big) providing essential proteins vitamins and minerals.,safe
dog,big,fish meal meal,"fish meal, vitamins, minerals",fish meal based nutritious meal suitable for dog (big) providing essential proteins vitamins and minerals.,safe
dog,big,duck meal,"duck, vitamins, minerals",duck based nutritious meal suitable for dog (big) providing essential proteins vitamins and minerals.,safe
dog,big,turkey meal,"turkey, vitamins, minerals",turkey based nutritious meal suitable for dog (big) providing essential proteins vitamins and minerals.,safe
dog,big,spinach meal,"spinach, vitamins, minerals",spinach based nutritious meal suitable for dog (big) providing essential proteins vitamins and minerals.,safe
dog,big,fish meal meal,"fish meal, vitamins, minerals",fish meal based nutritious meal suitable for dog (big) providing essential proteins vitamins and minerals.,safe
dog,big,egg meal,"egg, vitamins, minerals",egg based nutritious meal suitable for dog (big) providing essential proteins vitamins and minerals.,safe
dog,big,rice meal,"rice, vitamins, minerals",rice based nutritious meal suitable for dog (big) providing essential proteins vitamins and minerals.,safe
dog,big,salmon meal,"salmon, vitamins, minerals",salmon based nutritious meal suitable for dog (big) providing essential proteins vitamins and minerals.,safe
dog,big,carrot meal,"carrot, vitamins, minerals",carrot based nutritious meal suitable for dog (big) providing essential proteins vitamins and minerals.,safe
dog,big,sunflower seeds meal,"sunflower seeds, vitamins, minerals",sunflower seeds based nutritious meal suitable for dog (big) providing essential proteins vitamins and minerals.,safe
dog,big,brown rice meal,"brown rice, vitamins, minerals",brown rice based nutritious meal suitable for dog (big) providing essential proteins vitamins and minerals.,safe
dog,big,carrot meal,"carrot, vitamins, minerals",carrot based nutritious meal suitable for dog (big) providing essential proteins vitamins and minerals.,safe
dog,big,pumpkin meal,"pumpkin, vitamins, minerals",pumpkin based nutritious meal suitable for dog (big) providing essential proteins vitamins and minerals.,safe
dog,big,millet meal,"millet, vitamins, minerals",millet based nutritious meal suitable for dog (big) providing essential proteins vitamins and minerals.,safe
dog,big,brown rice meal,"brown rice, vitamins, minerals",brown rice based nutritious meal suitable for dog (big) providing essential proteins vitamins and minerals.,safe
dog,big,tuna meal,"tuna, vitamins, minerals",tuna based nutritious meal suitable for dog (big) providing essential proteins vitamins and minerals.,safe
dog,big,chicken meal,"chicken, vitamins, minerals",chicken based nutritious meal suitable for dog (big) providing essential proteins vitamins and minerals.,safe
dog,big,salmon meal,"salmon, vitamins, minerals",salmon based nutritious meal suitable for dog (big) providing essential proteins vitamins and minerals.,safe
dog,big,carrot meal,"carrot, vitamins, minerals",carrot based nutritious meal suitable for dog (big) providing essential proteins vitamins and minerals.,safe
dog,big,duck meal,"duck, vitamins, minerals",duck based nutritious meal suitable for dog (big) providing essential proteins vitamins and minerals.,safe
dog,big,turkey meal,"turkey, vitamins, minerals",turkey based nutritious meal suitable for dog (big) providing essential proteins vitamins and minerals.,safe
dog,big,tuna meal,"tuna, vitamins, minerals",tuna based nutritious meal suitable for dog (big) providing essential proteins vitamins and minerals.,safe
dog,big,millet meal,"millet, vitamins, minerals",millet based nutritious meal suitable for dog (big) providing essential proteins vitamins and minerals.,safe
dog,big,rice meal,"rice, vitamins, minerals",rice based nutritious meal suitable for dog (big) providing essential proteins vitamins and minerals.,safe
dog,big,rice meal,"rice, vitamins, minerals",rice based nutritious meal suitable for dog (big) providing essential proteins vitamins and minerals.,safe
dog,big,sweet potato meal,"sweet potato, vitamins, minerals",sweet potato based nutritious meal suitable for dog (big) providing essential proteins vitamins and minerals.,safe
dog,big,bread snack,"bread, wheat, corn",bread based food occasionally acceptable for dog (big) but should be given in limited quantities.,moderate
dog,big,bread snack,"bread, wheat, corn",bread based food occasionally acceptable for dog (big) but should be given in limited quantities.,moderate
dog,big,banana snack,"banana, wheat, corn",banana based food occasionally acceptable for dog (big) but should be given in limited quantities.,moderate
dog,big,peanut butter snack,"peanut butter, wheat, corn",peanut butter based food occasionally acceptable for dog (big) but should be given in limited quantities.,moderate
dog,big,apple snack,"apple, wheat, corn",apple based food occasionally acceptable for dog (big) but should be given in limited quantities.,moderate
dog,big,milk snack,"milk, wheat, corn",milk based food occasionally acceptable for dog (big) but should be given in limited quantities.,moderate
dog,big,corn snack,"corn, wheat, corn",corn based food occasionally acceptable for dog (big) but should be given in limited quantities.,moderate
dog,big,corn snack,"corn, wheat, corn",corn based food occasionally acceptable for dog (big) but should be given in limited quantities.,moderate
dog,big,bread snack,"bread, wheat, corn",bread based food occasionally acceptable for dog (big) but should be given in limited quantities.,moderate
dog,big,wheat snack,"wheat, wheat, corn",wheat based food occasionally acceptable for dog (big) but should be given in limited quantities.,moderate
dog,big,corn snack,"corn, wheat, corn",corn based food occasionally acceptable for dog (big) but should be given in limited quantities.,moderate
dog,big,bread snack,"bread, wheat, corn",bread based food occasionally acceptable for dog (big) but should be given in limited quantities.,moderate
dog,big,wheat snack,"wheat, wheat, corn",wheat based food occasionally acceptable for dog (big) but should be given in limited quantities.,moderate
dog,big,coconut snack,"coconut, wheat, corn",coconut based food occasionally acceptable for dog (big) but should be given in limited quantities.,moderate
dog,big,honey snack,"honey, wheat, corn",honey based food occasionally acceptable for dog (big) but should be given in limited quantities.,moderate
dog,big,milk snack,"milk, wheat, corn",milk based food occasionally acceptable for dog (big) but should be given in limited quantities.,moderate
dog,big,corn snack,"corn, wheat, corn",corn based food occasionally acceptable for dog (big) but should be given in limited quantities.,moderate
dog,big,apple snack,"apple, wheat, corn",apple based food occasionally acceptable for dog (big) but should be given in limited quantities.,moderate
dog,big,potato snack,"potato, wheat, corn",potato based food occasionally acceptable for dog (big) but should be given in limited quantities.,moderate
dog,big,peanut butter snack,"peanut butter, wheat, corn",peanut butter based food occasionally acceptable for dog (big) but should be given in limited quantities.,moderate
dog,big,bread snack,"bread, wheat, corn",bread based food occasionally acceptable for dog (big) but should be given in limited quantities.,moderate
dog,big,corn snack,"corn, wheat, corn",corn based food occasionally acceptable for dog (big) but should be given in limited quantities.,moderate
dog,big,wheat snack,"wheat, wheat, corn",wheat based food occasionally acceptable for dog (big) but should be given in limited quantities.,moderate
dog,big,banana snack,"banana, wheat, corn",banana based food occasionally acceptable for dog (big) but should be given in limited quantities.,moderate
dog,big,yogurt snack,"yogurt, wheat, corn",yogurt based food occasionally acceptable for dog (big) but should be given in limited quantities.,moderate
dog,big,coconut snack,"coconut, wheat, corn",coconut based food occasionally acceptable for dog (big) but should be given in limited quantities.,moderate
dog,big,mango snack,"mango, wheat, corn",mango based food occasionally acceptable for dog (big) but should be given in limited quantities.,moderate
dog,big,corn snack,"corn, wheat, corn",corn based food occasionally acceptable for dog (big) but should be given in limited quantities.,moderate
dog,big,cheese snack,"cheese, wheat, corn",cheese based food occasionally acceptable for dog (big) but should be given in limited quantities.,moderate
dog,big,honey snack,"honey, wheat, corn",honey based food occasionally acceptable for dog (big) but should be given in limited quantities.,moderate
dog,big,soybean snack,"soybean, wheat, corn",soybean based food occasionally acceptable for dog (big) but should be given in limited quantities.,moderate
dog,big,honey snack,"honey, wheat, corn",honey based food occasionally acceptable for dog (big) but should be given in limited quantities.,moderate
dog,big,yogurt snack,"yogurt, wheat, corn",yogurt based food occasionally acceptable for dog (big) but should be given in limited quantities.,moderate
dog,big,milk snack,"milk, wheat, corn",milk based food occasionally acceptable for dog (big) but should be given in limited quantities.,moderate
dog,big,mango snack,"mango, wheat, corn",mango based food occasionally acceptable for dog (big) but should be given in limited quantities.,moderate
dog,big,bread snack,"bread, wheat, corn",bread based food occasionally acceptable for dog (big) but should be given in limited quantities.,moderate
dog,big,corn snack,"corn, wheat, corn",corn based food occasionally acceptable for dog (big) but should be given in limited quantities.,moderate
dog,big,mango snack,"mango, wheat, corn",mango based food occasionally acceptable for dog (big) but should be given in limited quantities.,moderate
dog,big,potato snack,"potato, wheat, corn",potato based food occasionally acceptable for dog (big) but should be given in limited quantities.,moderate
dog,big,corn snack,"corn, wheat, corn",corn based food occasionally acceptable for dog (big) but should be given in limited quantities.,moderate
dog,big,wheat snack,"wheat, wheat, corn",wheat based food occasionally acceptable for dog (big) but should be given in limited quantities.,moderate
dog,big,banana snack,"banana, wheat, corn",banana based food occasionally acceptable for dog (big) but should be given in limited quantities.,moderate
dog,big,corn snack,"corn, wheat, corn",corn based food occasionally acceptable for dog (big) but should be given in limited quantities.,moderate
dog,big,potato snack,"potato, wheat, corn",potato based food occasionally acceptable for dog (big) but should be given in limited quantities.,moderate
dog,big,wheat snack,"wheat, wheat, corn",wheat based food occasionally acceptable for dog (big) but should be given in limited quantities.,moderate
dog,big,banana snack,"banana, wheat, corn",banana based food occasionally acceptable for dog (big) but should be given in limited quantities.,moderate
dog,big,wheat snack,"wheat, wheat, corn",wheat based food occasionally acceptable for dog (big) but should be given in limited quantities.,moderate
dog,big,wheat snack,"wheat, wheat, corn",wheat based food occasionally acceptable for dog (big) but should be given in limited quantities.,moderate
dog,big,bread snack,"bread, wheat, corn",bread based food occasionally acceptable for dog (big) but should be given in limited quantities.,moderate
dog,big,apple snack,"apple, wheat, corn",apple based food occasionally acceptable for dog (big) but should be given in limited quantities.,moderate
dog,big,corn snack,"corn, wheat, corn",corn based food occasionally acceptable for dog (big) but should be given in limited quantities.,moderate
dog,big,coconut snack,"coconut, wheat, corn",coconut based food occasionally acceptable for dog (big) but should be given in limited quantities.,moderate
dog,big,cheese snack,"cheese, wheat, corn",cheese based food occasionally acceptable for dog (big) but should be given in limited quantities.,moderate
dog,big,barley snack,"barley, wheat, corn",barley based food occasionally acceptable for dog (big) but should be given in limited quantities.,moderate
dog,big,potato snack,"potato, wheat, corn",potato based food occasionally acceptable for dog (big) but should be given in limited quantities.,moderate
dog,big,apple snack,"apple, wheat, corn",apple based food occasionally acceptable for dog (big) but should be given in limited quantities.,moderate
dog,big,yogurt snack,"yogurt, wheat, corn",yogurt based food occasionally acceptable for dog (big) but should be given in limited quantities.,moderate
dog,big,corn snack,"corn, wheat, corn",corn based food occasionally acceptable for dog (big) but should be given in limited quantities.,moderate
dog,big,cheese snack,"cheese, wheat, corn",cheese based food occasionally acceptable for dog (big) but should be given in limited quantities.,moderate
dog,big,peanut butter snack,"peanut butter, wheat, corn",peanut butter based food occasionally acceptable for dog (big) but should be given in limited quantities.,moderate
dog,big,honey snack,"honey, wheat, corn",honey based food occasionally acceptable for dog (big) but should be given in limited quantities.,moderate
dog,big,coconut snack,"coconut, wheat, corn",coconut based food occasionally acceptable for dog (big) but should be given in limited quantities.,moderate
dog,big,apple snack,"apple, wheat, corn",apple based food occasionally acceptable for dog (big) but should be given in limited quantities.,moderate
dog,big,yogurt snack,"yogurt, wheat, corn",yogurt based food occasionally acceptable for dog (big) but should be given in limited quantities.,moderate
dog,big,milk snack,"milk, wheat, corn",milk based food occasionally acceptable for dog (big) but should be given in limited quantities.,moderate
dog,big,milk snack,"milk, wheat, corn",milk based food occasionally acceptable for dog (big) but should be given in limited quantities.,moderate
dog,big,barley snack,"barley, wheat, corn",barley based food occasionally acceptable for dog (big) but should be given in limited quantities.,moderate
dog,big,corn snack,"corn, wheat, corn",corn based food occasionally acceptable for dog (big) but should be given in limited quantities.,moderate
dog,big,cheese snack,"cheese, wheat, corn",cheese based food occasionally acceptable for dog (big) but should be given in limited quantities.,moderate
dog,big,peanut butter snack,"peanut butter, wheat, corn",peanut butter based food occasionally acceptable for dog (big) but should be given in limited quantities.,moderate
dog,big,mango snack,"mango, wheat, corn",mango based food occasionally acceptable for dog (big) but should be given in limited quantities.,moderate
dog,big,mango snack,"mango, wheat, corn",mango based food occasionally acceptable for dog (big) but should be given in limited quantities.,moderate
dog,big,potato snack,"potato, wheat, corn",potato based food occasionally acceptable for dog (big) but should be given in limited quantities.,moderate
dog,big,wheat snack,"wheat, wheat, corn",wheat based food occasionally acceptable for dog (big) but should be given in limited quantities.,moderate
dog,big,banana snack,"banana, wheat, corn",banana based food occasionally acceptable for dog (big) but should be given in limited quantities.,moderate
dog,big,milk snack,"milk, wheat, corn",milk based food occasionally acceptable for dog (big) but should be given in limited quantities.,moderate
dog,big,wheat snack,"wheat, wheat, corn",wheat based food occasionally acceptable for dog (big) but should be given in limited quantities.,moderate
dog,big,soybean snack,"soybean, wheat, corn",soybean based food occasionally acceptable for dog (big) but should be given in limited quantities.,moderate
dog,big,soybean snack,"soybean, wheat, corn",soybean based food occasionally acceptable for dog (big) but should be given in limited quantities.,moderate
dog,big,peanut butter snack,"peanut butter, wheat, corn",peanut butter based food occasionally acceptable for dog (big) but should be given in limited quantities.,moderate
dog,big,wheat snack,"wheat, wheat, corn",wheat based food occasionally acceptable for dog (big) but should be given in limited quantities.,moderate
dog,big,banana snack,"banana, wheat, corn",banana based food occasionally acceptable for dog (big) but should be given in limited quantities.,moderate
dog,big,mango snack,"mango, wheat, corn",mango based food occasionally acceptable for dog (big) but should be given in limited quantities.,moderate
dog,big,soybean snack,"soybean, wheat, corn",soybean based food occasionally acceptable for dog (big) but should be given in limited quantities.,moderate
dog,big,banana snack,"banana, wheat, corn",banana based food occasionally acceptable for dog (big) but should be given in limited quantities.,moderate
dog,big,apple snack,"apple, wheat, corn",apple based food occasionally acceptable for dog (big) but should be given in limited quantities.,moderate
dog,big,coconut snack,"coconut, wheat, corn",coconut based food occasionally acceptable for dog (big) but should be given in limited quantities.,moderate
dog,big,yogurt snack,"yogurt, wheat, corn",yogurt based food occasionally acceptable for dog (big) but should be given in limited quantities.,moderate
dog,big,soybean snack,"soybean, wheat, corn",soybean based food occasionally acceptable for dog (big) but should be given in limited quantities.,moderate
dog,big,corn snack,"corn, wheat, corn",corn based food occasionally acceptable for dog (big) but should be given in limited quantities.,moderate
dog,big,potato snack,"potato, wheat, corn",potato based food occasionally acceptable for dog (big) but should be given in limited quantities.,moderate
dog,big,soybean snack,"soybean, wheat, corn",soybean based food occasionally acceptable for dog (big) but should be given in limited quantities.,moderate
dog,big,cheese snack,"cheese, wheat, corn",cheese based food occasionally acceptable for dog (big) but should be given in limited quantities.,moderate
dog,big,coconut snack,"coconut, wheat, corn",coconut based food occasionally acceptable for dog (big) but should be given in limited quantities.,moderate
dog,big,corn snack,"corn, wheat, corn",corn based food occasionally acceptable for dog (big) but should be given in limited quantities.,moderate
dog,big,mango snack,"mango, wheat, corn",mango based food occasionally acceptable for dog (big) but should be given in limited quantities.,moderate
dog,big,cheese snack,"cheese, wheat, corn",cheese based food occasionally acceptable for dog (big) but should be given in limited quantities.,moderate
dog,big,potato snack,"potato, wheat, corn",potato based food occasionally acceptable for dog (big) but should be given in limited quantities.,moderate
dog,big,coconut snack,"coconut, wheat, corn",coconut based food occasionally acceptable for dog (big) but should be given in limited quantities.,moderate
dog,big,banana snack,"banana, wheat, corn",banana based food occasionally acceptable for dog (big) but should be given in limited quantities.,moderate
dog,big,xylitol food,"xylitol, additives",xylitol containing product that may be harmful or toxic for dog (big) and should be avoided.,unsafe
dog,big,garlic food,"garlic, additives",garlic containing product that may be harmful or toxic for dog (big) and should be avoided.,unsafe
dog,big,salt overdose food,"salt overdose, additives",salt overdose containing product that may be harmful or toxic for dog (big) and should be avoided.,unsafe
dog,big,oil residue food,"oil residue, additives",oil residue containing product that may be harmful or toxic for dog (big) and should be avoided.,unsafe
dog,big,avocado food,"avocado, additives",avocado containing product that may be harmful or toxic for dog (big) and should be avoided.,unsafe
dog,big,salt overdose food,"salt overdose, additives",salt overdose containing product that may be harmful or toxic for dog (big) and should be avoided.,unsafe
dog,big,garlic food,"garlic, additives",garlic containing product that may be harmful or toxic for dog (big) and should be avoided.,unsafe
dog,big,oil residue food,"oil residue, additives",oil residue containing product that may be harmful or toxic for dog (big) and should be avoided.,unsafe
dog,big,onion food,"onion, additives",onion containing product that may be harmful or toxic for dog (big) and should be avoided.,unsafe
dog,big,raisins food,"raisins, additives",raisins containing product that may be harmful or toxic for dog (big) and should be avoided.,unsafe
dog,big,onion food,"onion, additives",onion containing product that may be harmful or toxic for dog (big) and should be avoided.,unsafe
dog,big,detergent food,"detergent, additives",detergent containing product that may be harmful or toxic for dog (big) and should be avoided.,unsafe
dog,big,salt overdose food,"salt overdose, additives",salt overdose containing product that may be harmful or toxic for dog (big) and should be avoided.,unsafe
dog,big,garlic food,"garlic, additives",garlic containing product that may be harmful or toxic for dog (big) and should be avoided.,unsafe
dog,big,soap food,"soap, additives",soap containing product that may be harmful or toxic for dog (big) and should be avoided.,unsafe
dog,big,xylitol food,"xylitol, additives",xylitol containing product that may be harmful or toxic for dog (big) and should be avoided.,unsafe
dog,big,soap food,"soap, additives",soap containing product that may be harmful or toxic for dog (big) and should be avoided.,unsafe
dog,big,ammonia food,"ammonia, additives",ammonia containing product that may be harmful or toxic for dog (big) and should be avoided.,unsafe
dog,big,chocolate food,"chocolate, additives",chocolate containing product that may be harmful or toxic for dog (big) and should be avoided.,unsafe
dog,big,raisins food,"raisins, additives",raisins containing product that may be harmful or toxic for dog (big) and should be avoided.,unsafe
dog,big,chocolate food,"chocolate, additives",chocolate containing product that may be harmful or toxic for dog (big) and should be avoided.,unsafe
dog,big,caffeine food,"caffeine, additives",caffeine containing product that may be harmful or toxic for dog (big) and should be avoided.,unsafe
dog,big,ammonia food,"ammonia, additives",ammonia containing product that may be harmful or toxic for dog (big) and should be avoided.,unsafe
dog,big,macadamia nuts food,"macadamia nuts, additives",macadamia nuts containing product that may be harmful or toxic for dog (big) and should be avoided.,unsafe
dog,big,detergent food,"detergent, additives",detergent containing product that may be harmful or toxic for dog (big) and should be avoided.,unsafe
dog,big,alcohol food,"alcohol, additives",alcohol containing product that may be harmful or toxic for dog (big) and should be avoided.,unsafe
dog,big,oil residue food,"oil residue, additives",oil residue containing product that may be harmful or toxic for dog (big) and should be avoided.,unsafe
dog,big,grapes food,"grapes, additives",grapes containing product that may be harmful or toxic for dog (big) and should be avoided.,unsafe
dog,big,alcohol food,"alcohol, additives",alcohol containing product that may be harmful or toxic for dog (big) and should be avoided.,unsafe
dog,big,ammonia food,"ammonia, additives",ammonia containing product that may be harmful or toxic for dog (big) and should be avoided.,unsafe
dog,big,avocado food,"avocado, additives",avocado containing product that may be harmful or toxic for dog (big) and should be avoided.,unsafe
dog,big,raisins food,"raisins, additives",raisins containing product that may be harmful or toxic for dog (big) and should be avoided.,unsafe
dog,big,alcohol food,"alcohol, additives",alcohol containing product that may be harmful or toxic for dog (big) and should be avoided.,unsafe
dog,big,soap food,"soap, additives",soap containing product that may be harmful or toxic for dog (big) and should be avoided.,unsafe
dog,big,avocado food,"avocado, additives",avocado containing product that may be harmful or toxic for dog (big) and should be avoided.,unsafe
dog,big,detergent food,"detergent, additives",detergent containing product that may be harmful or toxic for dog (big) and should be avoided.,unsafe
dog,big,grapes food,"grapes, additives",grapes containing product that may be harmful or toxic for dog (big) and should be avoided.,unsafe
dog,big,grapes food,"grapes, additives",grapes containing product that may be harmful or toxic for dog (big) and should be avoided.,unsafe
dog,big,grapes food,"grapes, additives",grapes containing product that may be harmful or toxic for dog (big) and should be avoided.,unsafe
dog,big,soap food,"soap, additives",soap containing product that may be harmful or toxic for dog (big) and should be avoided.,unsafe
dog,big,grapes food,"grapes, additives",grapes containing product that may be harmful or toxic for dog (big) and should be avoided.,unsafe
dog,big,oil residue food,"oil residue, additives",oil residue containing product that may be harmful or toxic for dog (big) and should be avoided.,unsafe
dog,big,avocado food,"avocado, additives",avocado containing product that may be harmful or toxic for dog (big) and should be avoided.,unsafe
dog,big,salt overdose food,"salt overdose, additives",salt overdose containing product that may be harmful or toxic for dog (big) and should be avoided.,unsafe
dog,big,oil residue food,"oil residue, additives",oil residue containing product that may be harmful or toxic for dog (big) and should be avoided.,unsafe
dog,big,xylitol food,"xylitol, additives",xylitol containing product that may be harmful or toxic for dog (big) and should be avoided.,unsafe
dog,big,salt overdose food,"salt overdose, additives",salt overdose containing product that may be harmful or toxic for dog (big) and should be avoided.,unsafe
dog,big,chocolate food,"chocolate, additives",chocolate containing product that may be harmful or toxic for dog (big) and should be avoided.,unsafe
dog,big,raisins food,"raisins, additives",raisins containing product that may be harmful or toxic for dog (big) and should be avoided.,unsafe
dog,big,alcohol food,"alcohol, additives",alcohol containing product that may be harmful or toxic for dog (big) and should be avoided.,unsafe
dog,big,xylitol food,"xylitol, additives",xylitol containing product that may be harmful or toxic for dog (big) and should be avoided.,unsafe
dog,big,macadamia nuts food,"macadamia nuts, additives",macadamia nuts containing product that may be harmful or toxic for dog (big) and should be avoided.,unsafe
dog,big,garlic food,"garlic, additives",garlic containing product that may be harmful or toxic for dog (big) and should be avoided.,unsafe
dog,big,salt overdose food,"salt overdose, additives",salt overdose containing product that may be harmful or toxic for dog (big) and should be avoided.,unsafe
dog,big,grapes food,"grapes, additives",grapes containing product that may be harmful or toxic for dog (big) and should be avoided.,unsafe
dog,big,grapes food,"grapes, additives",grapes containing product that may be harmful or toxic for dog (big) and should be avoided.,unsafe
dog,big,onion food,"onion, additives",onion containing product that may be harmful or toxic for dog (big) and should be avoided.,unsafe
dog,big,caffeine food,"caffeine, additives",caffeine containing product that may be harmful or toxic for dog (big) and should be avoided.,unsafe
dog,big,ammonia food,"ammonia, additives",ammonia containing product that may be harmful or toxic for dog (big) and should be avoided.,unsafe
dog,big,grapes food,"grapes, additives",grapes containing product that may be harmful or toxic for dog (big) and should be avoided.,unsafe
dog,big,ammonia food,"ammonia, additives",ammonia containing product that may be harmful or toxic for dog (big) and should be avoided.,unsafe
dog,big,salt overdose food,"salt overdose, additives",salt overdose containing product that may be harmful or toxic for dog (big) and should be avoided.,unsafe
dog,big,detergent food,"detergent, additives",detergent containing product that may be harmful or toxic for dog (big) and should be avoided.,unsafe
dog,big,garlic food,"garlic, additives",garlic containing product that may be harmful or toxic for dog (big) and should be avoided.,unsafe
dog,big,ammonia food,"ammonia, additives",ammonia containing product that may be harmful or toxic for dog (big) and should be avoided.,unsafe
dog,big,onion food,"onion, additives",onion containing product that may be harmful or toxic for dog (big) and should be avoided.,unsafe
dog,big,macadamia nuts food,"macadamia nuts, additives",macadamia nuts containing product that may be harmful or toxic for dog (big) and should be avoided.,unsafe
dog,big,oil residue food,"oil residue, additives",oil residue containing product that may be harmful or toxic for dog (big) and should be avoided.,unsafe
dog,big,ammonia food,"ammonia, additives",ammonia containing product that may be harmful or toxic for dog (big) and should be avoided.,unsafe
dog,big,detergent food,"detergent, additives",detergent containing product that may be harmful or toxic for dog (big) and should be avoided.,unsafe
dog,big,alcohol food,"alcohol, additives",alcohol containing product that may be harmful or toxic for dog (big) and should be avoided.,unsafe
dog,big,chocolate food,"chocolate, additives",chocolate containing product that may be harmful or toxic for dog (big) and should be avoided.,unsafe
dog,big,detergent food,"detergent, additives",detergent containing product that may be harmful or toxic for dog (big) and should be avoided.,unsafe
dog,big,raisins food,"raisins, additives",raisins containing product that may be harmful or toxic for dog (big) and should be avoided.,unsafe
dog,big,garlic food,"garlic, additives",garlic containing product that may be harmful or toxic for dog (big) and should be avoided.,unsafe
dog,big,grapes food,"grapes, additives",grapes containing product that may be harmful or toxic for dog (big) and should be avoided.,unsafe
dog,big,alcohol food,"alcohol, additives",alcohol containing product that may be harmful or toxic for dog (big) and should be avoided.,unsafe
dog,big,chocolate food,"chocolate, additives",chocolate containing product that may be harmful or toxic for dog (big) and should be avoided.,unsafe
dog,big,chocolate food,"chocolate, additives",chocolate containing product that may be harmful or toxic for dog (big) and should be avoided.,unsafe
dog,big,avocado food,"avocado, additives",avocado containing product that may be harmful or toxic for dog (big) and should be avoided.,unsafe
dog,big,detergent food,"detergent, additives",detergent containing product that may be harmful or toxic for dog (big) and should be avoided.,unsafe
dog,big,detergent food,"detergent, additives",detergent containing product that may be harmful or toxic for dog (big) and should be avoided.,unsafe
dog,big,chocolate food,"chocolate, additives",chocolate containing product that may be harmful or toxic for dog (big) and should be avoided.,unsafe
dog,big,grapes food,"grapes, additives",grapes containing product that may be harmful or toxic for dog (big) and should be avoided.,unsafe
dog,big,salt overdose food,"salt overdose, additives",salt overdose containing product that may be harmful or toxic for dog (big) and should be avoided.,unsafe
dog,big,macadamia nuts food,"macadamia nuts, additives",macadamia nuts containing product that may be harmful or toxic for dog (big) and should be avoided.,unsafe
dog,big,ammonia food,"ammonia, additives",ammonia containing product that may be harmful or toxic for dog (big) and should be avoided.,unsafe
dog,big,caffeine food,"caffeine, additives",caffeine containing product that may be harmful or toxic for dog (big) and should be avoided.,unsafe
dog,big,garlic food,"garlic, additives",garlic containing product that may be harmful or toxic for dog (big) and should be avoided.,unsafe
dog,big,chocolate food,"chocolate, additives",chocolate containing product that may be harmful or toxic for dog (big) and should be avoided.,unsafe
dog,big,salt overdose food,"salt overdose, additives",salt overdose containing product that may be harmful or toxic for dog (big) and should be avoided.,unsafe
dog,big,macadamia nuts food,"macadamia nuts, additives",macadamia nuts containing product that may be harmful or toxic for dog (big) and should be avoided.,unsafe
dog,big,xylitol food,"xylitol, additives",xylitol containing product that may be harmful or toxic for dog (big) and should be avoided.,unsafe
dog,big,oil residue food,"oil residue, additives",oil residue containing product that may be harmful or toxic for dog (big) and should be avoided.,unsafe
dog,big,macadamia nuts food,"macadamia nuts, additives",macadamia nuts containing product that may be harmful or toxic for dog (big) and should be avoided.,unsafe
dog,big,salt overdose food,"salt overdose, additives",salt overdose containing product that may be harmful or toxic for dog (big) and should be avoided.,unsafe
dog,big,alcohol food,"alcohol, additives",alcohol containing product that may be harmful or toxic for dog (big) and should be avoided.,unsafe
dog,big,alcohol food,"alcohol, additives",alcohol containing product that may be harmful or toxic for dog (big) and should be avoided.,unsafe
dog,big,caffeine food,"caffeine, additives",caffeine containing product that may be harmful or toxic for dog (big) and should be avoided.,unsafe
dog,big,xylitol food,"xylitol, additives",xylitol containing product that may be harmful or toxic for dog (big) and should be avoided.,unsafe
cat,kitten,tuna meal,"tuna, vitamins, minerals",tuna based nutritious meal suitable for cat (kitten) providing essential proteins vitamins and minerals.,safe
cat,kitten,peas meal,"peas, vitamins, minerals",peas based nutritious meal suitable for cat (kitten) providing essential proteins vitamins and minerals.,safe
cat,kitten,tuna meal,"tuna, vitamins, minerals",tuna based nutritious meal suitable for cat (kitten) providing essential proteins vitamins and minerals.,safe
cat,kitten,spinach meal,"spinach, vitamins, minerals",spinach based nutritious meal suitable for cat (kitten) providing essential proteins vitamins and minerals.,safe
cat,kitten,shrimp meal,"shrimp, vitamins, minerals",shrimp based nutritious meal suitable for cat (kitten) providing essential proteins vitamins and minerals.,safe
cat,kitten,fish meal meal,"fish meal, vitamins, minerals",fish meal based nutritious meal suitable for cat (kitten) providing essential proteins vitamins and minerals.,safe
cat,kitten,salmon meal,"salmon, vitamins, minerals",salmon based nutritious meal suitable for cat (kitten) providing essential proteins vitamins and minerals.,safe
cat,kitten,duck meal,"duck, vitamins, minerals",duck based nutritious meal suitable for cat (kitten) providing essential proteins vitamins and minerals.,safe
cat,kitten,peas meal,"peas, vitamins, minerals",peas based nutritious meal suitable for cat (kitten) providing essential proteins vitamins and minerals.,safe
cat,kitten,chicken meal,"chicken, vitamins, minerals",chicken based nutritious meal suitable for cat (kitten) providing essential proteins vitamins and minerals.,safe
cat,kitten,sweet potato meal,"sweet potato, vitamins, minerals",sweet potato based nutritious meal suitable for cat (kitten) providing essential proteins vitamins and minerals.,safe
cat,kitten,lamb meal,"lamb, vitamins, minerals",lamb based nutritious meal suitable for cat (kitten) providing essential proteins vitamins and minerals.,safe
cat,kitten,egg meal,"egg, vitamins, minerals",egg based nutritious meal suitable for cat (kitten) providing essential proteins vitamins and minerals.,safe
cat,kitten,oats meal,"oats, vitamins, minerals",oats based nutritious meal suitable for cat (kitten) providing essential proteins vitamins and minerals.,safe
cat,kitten,broccoli meal,"broccoli, vitamins, minerals",broccoli based nutritious meal suitable for cat (kitten) providing essential proteins vitamins and minerals.,safe
cat,kitten,fish meal meal,"fish meal, vitamins, minerals",fish meal based nutritious meal suitable for cat (kitten) providing essential proteins vitamins and minerals.,safe
cat,kitten,rice meal,"rice, vitamins, minerals",rice based nutritious meal suitable for cat (kitten) providing essential proteins vitamins and minerals.,safe
cat,kitten,shrimp meal,"shrimp, vitamins, minerals",shrimp based nutritious meal suitable for cat (kitten) providing essential proteins vitamins and minerals.,safe
cat,kitten,peas meal,"peas, vitamins, minerals",peas based nutritious meal suitable for cat (kitten) providing essential proteins vitamins and minerals.,safe
cat,kitten,fish meal meal,"fish meal, vitamins, minerals",fish meal based nutritious meal suitable for cat (kitten) providing essential proteins vitamins and minerals.,safe
cat,kitten,oats meal,"oats, vitamins, minerals",oats based nutritious meal suitable for cat (kitten) providing essential proteins vitamins and minerals.,safe
cat,kitten,spinach meal,"spinach, vitamins, minerals",spinach based nutritious meal suitable for cat (kitten) providing essential proteins vitamins and minerals.,safe
cat,kitten,peas meal,"peas, vitamins, minerals",peas based nutritious meal suitable for cat (kitten) providing essential proteins vitamins and minerals.,safe
cat,kitten,salmon meal,"salmon, vitamins, minerals",salmon based nutritious meal suitable for cat (kitten) providing essential proteins vitamins and minerals.,safe
cat,kitten,fish meal meal,"fish meal, vitamins, minerals",fish meal based nutritious meal suitable for cat (kitten) providing essential proteins vitamins and minerals.,safe
cat,kitten,salmon meal,"salmon, vitamins, minerals",salmon based nutritious meal suitable for cat (kitten) providing essential proteins vitamins and minerals.,safe
cat,kitten,rice meal,"rice, vitamins, minerals",rice based nutritious meal suitable for cat (kitten) providing essential proteins vitamins and minerals.,safe
cat,kitten,turkey meal,"turkey, vitamins, minerals",turkey based nutritious meal suitable for cat (kitten) providing essential proteins vitamins and minerals.,safe
cat,kitten,shrimp meal,"shrimp, vitamins, minerals",shrimp based nutritious meal suitable for cat (kitten) providing essential proteins vitamins and minerals.,safe
cat,kitten,broccoli meal,"broccoli, vitamins, minerals",broccoli based nutritious meal suitable for cat (kitten) providing essential proteins vitamins and minerals.,safe
cat,kitten,shrimp meal,"shrimp, vitamins, minerals",shrimp based nutritious meal suitable for cat (kitten) providing essential proteins vitamins and minerals.,safe
cat,kitten,chicken meal,"chicken, vitamins, minerals",chicken based nutritious meal suitable for cat (kitten) providing essential proteins vitamins and minerals.,safe
cat,kitten,millet meal,"millet, vitamins, minerals",millet based nutritious meal suitable for cat (kitten) providing essential proteins vitamins and minerals.,safe
cat,kitten,turkey meal,"turkey, vitamins, minerals",turkey based nutritious meal suitable for cat (kitten) providing essential proteins vitamins and minerals.,safe
cat,kitten,shrimp meal,"shrimp, vitamins, minerals",shrimp based nutritious meal suitable for cat (kitten) providing essential proteins vitamins and minerals.,safe
cat,kitten,turkey meal,"turkey, vitamins, minerals",turkey based nutritious meal suitable for cat (kitten) providing essential proteins vitamins and minerals.,safe
cat,kitten,millet meal,"millet, vitamins, minerals",millet based nutritious meal suitable for cat (kitten) providing essential proteins vitamins and minerals.,safe
cat,kitten,millet meal,"millet, vitamins, minerals",millet based nutritious meal suitable for cat (kitten) providing essential proteins vitamins and minerals.,safe
cat,kitten,salmon meal,"salmon, vitamins, minerals",salmon based nutritious meal suitable for cat (kitten) providing essential proteins vitamins and minerals.,safe
cat,kitten,tuna meal,"tuna, vitamins, minerals",tuna based nutritious meal suitable for cat (kitten) providing essential proteins vitamins and minerals.,safe
cat,kitten,broccoli meal,"broccoli, vitamins, minerals",broccoli based nutritious meal suitable for cat (kitten) providing essential proteins vitamins and minerals.,safe
cat,kitten,egg meal,"egg, vitamins, minerals",egg based nutritious meal suitable for cat (kitten) providing essential proteins vitamins and minerals.,safe
cat,kitten,sunflower seeds meal,"sunflower seeds, vitamins, minerals",sunflower seeds based nutritious meal suitable for cat (kitten) providing essential proteins vitamins and minerals.,safe
cat,kitten,salmon meal,"salmon, vitamins, minerals",salmon based nutritious meal suitable for cat (kitten) providing essential proteins vitamins and minerals.,safe
cat,kitten,fish meal meal,"fish meal, vitamins, minerals",fish meal based nutritious meal suitable for cat (kitten) providing essential proteins vitamins and minerals.,safe
cat,kitten,fish meal meal,"fish meal, vitamins, minerals",fish meal based nutritious meal suitable for cat (kitten) providing essential proteins vitamins and minerals.,safe
cat,kitten,salmon meal,"salmon, vitamins, minerals",salmon based nutritious meal suitable for cat (kitten) providing essential proteins vitamins and minerals.,safe
cat,kitten,salmon meal,"salmon, vitamins, minerals",salmon based nutritious meal suitable for cat (kitten) providing essential proteins vitamins and minerals.,safe
cat,kitten,sunflower seeds meal,"sunflower seeds, vitamins, minerals",sunflower seeds based nutritious meal suitable for cat (kitten) providing essential proteins vitamins and minerals.,safe
cat,kitten,shrimp meal,"shrimp, vitamins, minerals",shrimp based nutritious meal suitable for cat (kitten) providing essential proteins vitamins and minerals.,safe
cat,kitten,egg meal,"egg, vitamins, minerals",egg based nutritious meal suitable for cat (kitten) providing essential proteins vitamins and minerals.,safe
cat,kitten,brown rice meal,"brown rice, vitamins, minerals",brown rice based nutritious meal suitable for cat (kitten) providing essential proteins vitamins and minerals.,safe
cat,kitten,oats meal,"oats, vitamins, minerals",oats based nutritious meal suitable for cat (kitten) providing essential proteins vitamins and minerals.,safe
cat,kitten,sweet potato meal,"sweet potato, vitamins, minerals",sweet potato based nutritious meal suitable for cat (kitten) providing essential proteins vitamins and minerals.,safe
cat,kitten,oats meal,"oats, vitamins, minerals",oats based nutritious meal suitable for cat (kitten) providing essential proteins vitamins and minerals.,safe
cat,kitten,chicken meal,"chicken, vitamins, minerals",chicken based nutritious meal suitable for cat (kitten) providing essential proteins vitamins and minerals.,safe
cat,kitten,oats meal,"oats, vitamins, minerals",oats based nutritious meal suitable for cat (kitten) providing essential proteins vitamins and minerals.,safe
cat,kitten,pumpkin meal,"pumpkin, vitamins, minerals",pumpkin based nutritious meal suitable for cat (kitten) providing essential proteins vitamins and minerals.,safe
cat,kitten,tuna meal,"tuna, vitamins, minerals",tuna based nutritious meal suitable for cat (kitten) providing essential proteins vitamins and minerals.,safe
cat,kitten,spinach meal,"spinach, vitamins, minerals",spinach based nutritious meal suitable for cat (kitten) providing essential proteins vitamins and minerals.,safe
cat,kitten,millet meal,"millet, vitamins, minerals",millet based nutritious meal suitable for cat (kitten) providing essential proteins vitamins and minerals.,safe
cat,kitten,rice meal,"rice, vitamins, minerals",rice based nutritious meal suitable for cat (kitten) providing essential proteins vitamins and minerals.,safe
cat,kitten,tuna meal,"tuna, vitamins, minerals",tuna based nutritious meal suitable for cat (kitten) providing essential proteins vitamins and minerals.,safe
cat,kitten,salmon meal,"salmon, vitamins, minerals",salmon based nutritious meal suitable for cat (kitten) providing essential proteins vitamins and minerals.,safe
cat,kitten,duck meal,"duck, vitamins, minerals",duck based nutritious meal suitable for cat (kitten) providing essential proteins vitamins and minerals.,safe
cat,kitten,broccoli meal,"broccoli, vitamins, minerals",broccoli based nutritious meal suitable for cat (kitten) providing essential proteins vitamins and minerals.,safe
cat,kitten,rice meal,"rice, vitamins, minerals",rice based nutritious meal suitable for cat (kitten) providing essential proteins vitamins and minerals.,safe
cat,kitten,salmon meal,"salmon, vitamins, minerals",salmon based nutritious meal suitable for cat (kitten) providing essential proteins vitamins and minerals.,safe
cat,kitten,carrot meal,"carrot, vitamins, minerals",carrot based nutritious meal suitable for cat (kitten) providing essential proteins vitamins and minerals.,safe
cat,kitten,fish meal meal,"fish meal, vitamins, minerals",fish meal based nutritious meal suitable for cat (kitten) providing essential proteins vitamins and minerals.,safe
cat,kitten,millet meal,"millet, vitamins, minerals",millet based nutritious meal suitable for cat (kitten) providing essential proteins vitamins and minerals.,safe
cat,kitten,duck meal,"duck, vitamins, minerals",duck based nutritious meal suitable for cat (kitten) providing essential proteins vitamins and minerals.,safe
cat,kitten,brown rice meal,"brown rice, vitamins, minerals",brown rice based nutritious meal suitable for cat (kitten) providing essential proteins vitamins and minerals.,safe
cat,kitten,sunflower seeds meal,"sunflower seeds, vitamins, minerals",sunflower seeds based nutritious meal suitable for cat (kitten) providing essential proteins vitamins and minerals.,safe
cat,kitten,peas meal,"peas, vitamins, minerals",peas based nutritious meal suitable for cat (kitten) providing essential proteins vitamins and minerals.,safe
cat,kitten,rice meal,"rice, vitamins, minerals",rice based nutritious meal suitable for cat (kitten) providing essential proteins vitamins and minerals.,safe
cat,kitten,egg meal,"egg, vitamins, minerals",egg based nutritious meal suitable for cat (kitten) providing essential proteins vitamins and minerals.,safe
cat,kitten,oats meal,"oats, vitamins, minerals",oats based nutritious meal suitable for cat (kitten) providing essential proteins vitamins and minerals.,safe
cat,kitten,duck meal,"duck, vitamins, minerals",duck based nutritious meal suitable for cat (kitten) providing essential proteins vitamins and minerals.,safe
cat,kitten,pumpkin meal,"pumpkin, vitamins, minerals",pumpkin based nutritious meal suitable for cat (kitten) providing essential proteins vitamins and minerals.,safe
cat,kitten,peas meal,"peas, vitamins, minerals",peas based nutritious meal suitable for cat (kitten) providing essential proteins vitamins and minerals.,safe
cat,kitten,egg meal,"egg, vitamins, minerals",egg based nutritious meal suitable for cat (kitten) providing essential proteins vitamins and minerals.,safe
cat,kitten,turkey meal,"turkey, vitamins, minerals",turkey based nutritious meal suitable for cat (kitten) providing essential proteins vitamins and minerals.,safe
cat,kitten,chicken meal,"chicken, vitamins, minerals",chicken based nutritious meal suitable for cat (kitten) providing essential proteins vitamins and minerals.,safe
cat,kitten,salmon meal,"salmon, vitamins, minerals",salmon based nutritious meal suitable for cat (kitten) providing essential proteins vitamins and minerals.,safe
cat,kitten,millet meal,"millet, vitamins, minerals",millet based nutritious meal suitable for cat (kitten) providing essential proteins vitamins and minerals.,safe
cat,kitten,pumpkin meal,"pumpkin, vitamins, minerals",pumpkin based nutritious meal suitable for cat (kitten) providing essential proteins vitamins and minerals.,safe
cat,kitten,millet meal,"millet, vitamins, minerals",millet based nutritious meal suitable for cat (kitten) providing essential proteins vitamins and minerals.,safe
cat,kitten,sunflower seeds meal,"sunflower seeds, vitamins, minerals",sunflower seeds based nutritious meal suitable for cat (kitten) providing essential proteins vitamins and minerals.,safe
cat,kitten,egg meal,"egg, vitamins, minerals",egg based nutritious meal suitable for cat (kitten) providing essential proteins vitamins and minerals.,safe
cat,kitten,fish meal meal,"fish meal, vitamins, minerals",fish meal based nutritious meal suitable for cat (kitten) providing essential proteins vitamins and minerals.,safe
cat,kitten,oats meal,"oats, vitamins, minerals",oats based nutritious meal suitable for cat (kitten) providing essential proteins vitamins and minerals.,safe
cat,kitten,tuna meal,"tuna, vitamins, minerals",tuna based nutritious meal suitable for cat (kitten) providing essential proteins vitamins and minerals.,safe
cat,kitten,spinach meal,"spinach, vitamins, minerals",spinach based nutritious meal suitable for cat (kitten) providing essential proteins vitamins and minerals.,safe
cat,kitten,sunflower seeds meal,"sunflower seeds, vitamins, minerals",sunflower seeds based nutritious meal suitable for cat (kitten) providing essential proteins vitamins and minerals.,safe
cat,kitten,salmon meal,"salmon, vitamins, minerals",salmon based nutritious meal suitable for cat (kitten) providing essential proteins vitamins and minerals.,safe
cat,kitten,sunflower seeds meal,"sunflower seeds, vitamins, minerals",sunflower seeds based nutritious meal suitable for cat (kitten) providing essential proteins vitamins and minerals.,safe
cat,kitten,chicken meal,"chicken, vitamins, minerals",chicken based nutritious meal suitable for cat (kitten) providing essential proteins vitamins and minerals.,safe
cat,kitten,shrimp meal,"shrimp, vitamins, minerals",shrimp based nutritious meal suitable for cat (kitten) providing essential proteins vitamins and minerals.,safe
cat,kitten,millet meal,"millet, vitamins, minerals",millet based nutritious meal suitable for cat (kitten) providing essential proteins vitamins and minerals.,safe
cat,kitten,potato snack,"potato, wheat, corn",potato based food occasionally acceptable for cat (kitten) but should be given in limited quantities.,moderate
cat,kitten,bread snack,"bread, wheat, corn",bread based food occasionally acceptable for cat (kitten) but should be given in limited quantities.,moderate
cat,kitten,banana snack,"banana, wheat, corn",banana based food occasionally acceptable for cat (kitten) but should be given in limited quantities.,moderate
cat,kitten,milk snack,"milk, wheat, corn",milk based food occasionally acceptable for cat (kitten) but should be given in limited quantities.,moderate
cat,kitten,banana snack,"banana, wheat, corn",banana based food occasionally acceptable for cat (kitten) but should be given in limited quantities.,moderate
cat,kitten,wheat snack,"wheat, wheat, corn",wheat based food occasionally acceptable for cat (kitten) but should be given in limited quantities.,moderate
cat,kitten,banana snack,"banana, wheat, corn",banana based food occasionally acceptable for cat (kitten) but should be given in limited quantities.,moderate
cat,kitten,soybean snack,"soybean, wheat, corn",soybean based food occasionally acceptable for cat (kitten) but should be given in limited quantities.,moderate
cat,kitten,peanut butter snack,"peanut butter, wheat, corn",peanut butter based food occasionally acceptable for cat (kitten) but should be given in limited quantities.,moderate
cat,kitten,corn snack,"corn, wheat, corn",corn based food occasionally acceptable for cat (kitten) but should be given in limited quantities.,moderate
cat,kitten,banana snack,"banana, wheat, corn",banana based food occasionally acceptable for cat (kitten) but should be given in limited quantities.,moderate
cat,kitten,cheese snack,"cheese, wheat, corn",cheese based food occasionally acceptable for cat (kitten) but should be given in limited quantities.,moderate
cat,kitten,coconut snack,"coconut, wheat, corn",coconut based food occasionally acceptable for cat (kitten) but should be given in limited quantities.,moderate
cat,kitten,barley snack,"barley, wheat, corn",barley based food occasionally acceptable for cat (kitten) but should be given in limited quantities.,moderate
cat,kitten,corn snack,"corn, wheat, corn",corn based food occasionally acceptable for cat (kitten) but should be given in limited quantities.,moderate
cat,kitten,mango snack,"mango, wheat, corn",mango based food occasionally acceptable for cat (kitten) but should be given in limited quantities.,moderate
cat,kitten,milk snack,"milk, wheat, corn",milk based food occasionally acceptable for cat (kitten) but should be given in limited quantities.,moderate
cat,kitten,corn snack,"corn, wheat, corn",corn based food occasionally acceptable for cat (kitten) but should be given in limited quantities.,moderate
cat,kitten,potato snack,"potato, wheat, corn",potato based food occasionally acceptable for cat (kitten) but should be given in limited quantities.,moderate
cat,kitten,milk snack,"milk, wheat, corn",milk based food occasionally acceptable for cat (kitten) but should be given in limited quantities.,moderate
cat,kitten,potato snack,"potato, wheat, corn",potato based food occasionally acceptable for cat (kitten) but should be given in limited quantities.,moderate
cat,kitten,bread snack,"bread, wheat, corn",bread based food occasionally acceptable for cat (kitten) but should be given in limited quantities.,moderate
cat,kitten,soybean snack,"soybean, wheat, corn",soybean based food occasionally acceptable for cat (kitten) but should be given in limited quantities.,moderate
cat,kitten,barley snack,"barley, wheat, corn",barley based food occasionally acceptable for cat (kitten) but should be given in limited quantities.,moderate
cat,kitten,cheese snack,"cheese, wheat, corn",cheese based food occasionally acceptable for cat (kitten) but should be given in limited quantities.,moderate
cat,kitten,yogurt snack,"yogurt, wheat, corn",yogurt based food occasionally acceptable for cat (kitten) but should be given in limited quantities.,moderate
cat,kitten,corn snack,"corn, wheat, corn",corn based food occasionally acceptable for cat (kitten) but should be given in limited quantities.,moderate
cat,kitten,milk snack,"milk, wheat, corn",milk based food occasionally acceptable for cat (kitten) but should be given in limited quantities.,moderate
cat,kitten,cheese snack,"cheese, wheat, corn",cheese based food occasionally acceptable for cat (kitten) but should be given in limited quantities.,moderate
cat,kitten,yogurt snack,"yogurt, wheat, corn",yogurt based food occasionally acceptable for cat (kitten) but should be given in limited quantities.,moderate
cat,kitten,cheese snack,"cheese, wheat, corn",cheese based food occasionally acceptable for cat (kitten) but should be given in limited quantities.,moderate
cat,kitten,peanut butter snack,"peanut butter, wheat, corn",peanut butter based food occasionally acceptable for cat (kitten) but should be given in limited quantities.,moderate
cat,kitten,bread snack,"bread, wheat, corn",bread based food occasionally acceptable for cat (kitten) but should be given in limited quantities.,moderate
cat,kitten,coconut snack,"coconut, wheat, corn",coconut based food occasionally acceptable for cat (kitten) but should be given in limited quantities.,moderate
cat,kitten,barley snack,"barley, wheat, corn",barley based food occasionally acceptable for cat (kitten) but should be given in limited quantities.,moderate
cat,kitten,cheese snack,"cheese, wheat, corn",cheese based food occasionally acceptable for cat (kitten) but should be given in limited quantities.,moderate
cat,kitten,milk snack,"milk, wheat, corn",milk based food occasionally acceptable for cat (kitten) but should be given in limited quantities.,moderate
cat,kitten,apple snack,"apple, wheat, corn",apple based food occasionally acceptable for cat (kitten) but should be given in limited quantities.,moderate
cat,kitten,milk snack,"milk, wheat, corn",milk based food occasionally acceptable for cat (kitten) but should be given in limited quantities.,moderate
cat,kitten,barley snack,"barley, wheat, corn",barley based food occasionally acceptable for cat (kitten) but should be given in limited quantities.,moderate
cat,kitten,cheese snack,"cheese, wheat, corn",cheese based food occasionally acceptable for cat (kitten) but should be given in limited quantities.,moderate
cat,kitten,potato snack,"potato, wheat, corn",potato based food occasionally acceptable for cat (kitten) but should be given in limited quantities.,moderate
cat,kitten,soybean snack,"soybean, wheat, corn",soybean based food occasionally acceptable for cat (kitten) but should be given in limited quantities.,moderate
cat,kitten,wheat snack,"wheat, wheat, corn",wheat based food occasionally acceptable for cat (kitten) but should be given in limited quantities.,moderate
cat,kitten,wheat snack,"wheat, wheat, corn",wheat based food occasionally acceptable for cat (kitten) but should be given in limited quantities.,moderate
cat,kitten,soybean snack,"soybean, wheat, corn",soybean based food occasionally acceptable for cat (kitten) but should be given in limited quantities.,moderate
cat,kitten,honey snack,"honey, wheat, corn",honey based food occasionally acceptable for cat (kitten) but should be given in limited quantities.,moderate
cat,kitten,milk snack,"milk, wheat, corn",milk based food occasionally acceptable for cat (kitten) but should be given in limited quantities.,moderate
cat,kitten,bread snack,"bread, wheat, corn",bread based food occasionally acceptable for cat (kitten) but should be given in limited quantities.,moderate
cat,kitten,cheese snack,"cheese, wheat, corn",cheese based food occasionally acceptable for cat (kitten) but should be given in limited quantities.,moderate
cat,kitten,potato snack,"potato, wheat, corn",potato based food occasionally acceptable for cat (kitten) but should be given in limited quantities.,moderate
cat,kitten,peanut butter snack,"peanut butter, wheat, corn",peanut butter based food occasionally acceptable for cat (kitten) but should be given in limited quantities.,moderate
cat,kitten,potato snack,"potato, wheat, corn",potato based food occasionally acceptable for cat (kitten) but should be given in limited quantities.,moderate
cat,kitten,soybean snack,"soybean, wheat, corn",soybean based food occasionally acceptable for cat (kitten) but should be given in limited quantities.,moderate
cat,kitten,honey snack,"honey, wheat, corn",honey based food occasionally acceptable for cat (kitten) but should be given in limited quantities.,moderate
cat,kitten,soybean snack,"soybean, wheat, corn",soybean based food occasionally acceptable for cat (kitten) but should be given in limited quantities.,moderate
cat,kitten,barley snack,"barley, wheat, corn",barley based food occasionally acceptable for cat (kitten) but should be given in limited quantities.,moderate
cat,kitten,barley snack,"barley, wheat, corn",barley based food occasionally acceptable for cat (kitten) but should be given in limited quantities.,moderate
cat,kitten,soybean snack,"soybean, wheat, corn",soybean based food occasionally acceptable for cat (kitten) but should be given in limited quantities.,moderate
cat,kitten,barley snack,"barley, wheat, corn",barley based food occasionally acceptable for cat (kitten) but should be given in limited quantities.,moderate
cat,kitten,mango snack,"mango, wheat, corn",mango based food occasionally acceptable for cat (kitten) but should be given in limited quantities.,moderate
cat,kitten,corn snack,"corn, wheat, corn",corn based food occasionally acceptable for cat (kitten) but should be given in limited quantities.,moderate
cat,kitten,soybean snack,"soybean, wheat, corn",soybean based food occasionally acceptable for cat (kitten) but should be given in limited quantities.,moderate
cat,kitten,apple snack,"apple, wheat, corn",apple based food occasionally acceptable for cat (kitten) but should be given in limited quantities.,moderate
cat,kitten,honey snack,"honey, wheat, corn",honey based food occasionally acceptable for cat (kitten) but should be given in limited quantities.,moderate
cat,kitten,mango snack,"mango, wheat, corn",mango based food occasionally acceptable for cat (kitten) but should be given in limited quantities.,moderate
cat,kitten,apple snack,"apple, wheat, corn",apple based food occasionally acceptable for cat (kitten) but should be given in limited quantities.,moderate
cat,kitten,yogurt snack,"yogurt, wheat, corn",yogurt based food occasionally acceptable for cat (kitten) but should be given in limited quantities.,moderate
cat,kitten,apple snack,"apple, wheat, corn",apple based food occasionally acceptable for cat (kitten) but should be given in limited quantities.,moderate
cat,kitten,wheat snack,"wheat, wheat, corn",wheat based food occasionally acceptable for cat (kitten) but should be given in limited quantities.,moderate
cat,kitten,barley snack,"barley, wheat, corn",barley based food occasionally acceptable for cat (kitten) but should be given in limited quantities.,moderate
cat,kitten,potato snack,"potato, wheat, corn",potato based food occasionally acceptable for cat (kitten) but should be given in limited quantities.,moderate
cat,kitten,corn snack,"corn, wheat, corn",corn based food occasionally acceptable for cat (kitten) but should be given in limited quantities.,moderate
cat,kitten,yogurt snack,"yogurt, wheat, corn",yogurt based food occasionally acceptable for cat (kitten) but should be given in limited quantities.,moderate
cat,kitten,wheat snack,"wheat, wheat, corn",wheat based food occasionally acceptable for cat (kitten) but should be given in limited quantities.,moderate
cat,kitten,apple snack,"apple, wheat, corn",apple based food occasionally acceptable for cat (kitten) but should be given in limited quantities.,moderate
cat,kitten,yogurt snack,"yogurt, wheat, corn",yogurt based food occasionally acceptable for cat (kitten) but should be given in limited quantities.,moderate
cat,kitten,soybean snack,"soybean, wheat, corn",soybean based food occasionally acceptable for cat (kitten) but should be given in limited quantities.,moderate
cat,kitten,yogurt snack,"yogurt, wheat, corn",yogurt based food occasionally acceptable for cat (kitten) but should be given in limited quantities.,moderate
cat,kitten,bread snack,"bread, wheat, corn",bread based food occasionally acceptable for cat (kitten) but should be given in limited quantities.,moderate
cat,kitten,potato snack,"potato, wheat, corn",potato based food occasionally acceptable for cat (kitten) but should be given in limited quantities.,moderate
cat,kitten,cheese snack,"cheese, wheat, corn",cheese based food occasionally acceptable for cat (kitten) but should be given in limited quantities.,moderate
cat,kitten,cheese snack,"cheese, wheat, corn",cheese based food occasionally acceptable for cat (kitten) but should be given in limited quantities.,moderate
cat,kitten,mango snack,"mango, wheat, corn",mango based food occasionally acceptable for cat (kitten) but should be given in limited quantities.,moderate
cat,kitten,barley snack,"barley, wheat, corn",barley based food occasionally acceptable for cat (kitten) but should be given in limited quantities.,moderate
cat,kitten,bread snack,"bread, wheat, corn",bread based food occasionally acceptable for cat (kitten) but should be given in limited quantities.,moderate
cat,kitten,apple snack,"apple, wheat, corn",apple based food occasionally acceptable for cat (kitten) but should be given in limited quantities.,moderate
cat,kitten,potato snack,"potato, wheat, corn",potato based food occasionally acceptable for cat (kitten) but should be given in limited quantities.,moderate
cat,kitten,coconut snack,"coconut, wheat, corn",coconut based food occasionally acceptable for cat (kitten) but should be given in limited quantities.,moderate
cat,kitten,potato snack,"potato, wheat, corn",potato based food occasionally acceptable for cat (kitten) but should be given in limited quantities.,moderate
cat,kitten,peanut butter snack,"peanut butter, wheat, corn",peanut butter based food occasionally acceptable for cat (kitten) but should be given in limited quantities.,moderate
cat,kitten,yogurt snack,"yogurt, wheat, corn",yogurt based food occasionally acceptable for cat (kitten) but should be given in limited quantities.,moderate
cat,kitten,barley snack,"barley, wheat, corn",barley based food occasionally acceptable for cat (kitten) but should be given in limited quantities.,moderate
cat,kitten,bread snack,"bread, wheat, corn",bread based food occasionally acceptable for cat (kitten) but should be given in limited quantities.,moderate
cat,kitten,potato snack,"potato, wheat, corn",potato based food occasionally acceptable for cat (kitten) but should be given in limited quantities.,moderate
cat,kitten,mango snack,"mango, wheat, corn",mango based food occasionally acceptable for cat (kitten) but should be given in limited quantities.,moderate
cat,kitten,mango snack,"mango, wheat, corn",mango based food occasionally acceptable for cat (kitten) but should be given in limited quantities.,moderate
cat,kitten,cheese snack,"cheese, wheat, corn",cheese based food occasionally acceptable for cat (kitten) but should be given in limited quantities.,moderate
cat,kitten,honey snack,"honey, wheat, corn",honey based food occasionally acceptable for cat (kitten) but should be given in limited quantities.,moderate
cat,kitten,wheat snack,"wheat, wheat, corn",wheat based food occasionally acceptable for cat (kitten) but should be given in limited quantities.,moderate
cat,kitten,grapes food,"grapes, additives",grapes containing product that may be harmful or toxic for cat (kitten) and should be avoided.,unsafe
cat,kitten,soap food,"soap, additives",soap containing product that may be harmful or toxic for cat (kitten) and should be avoided.,unsafe
cat,kitten,onion food,"onion, additives",onion containing product that may be harmful or toxic for cat (kitten) and should be avoided.,unsafe
cat,kitten,detergent food,"detergent, additives",detergent containing product that may be harmful or toxic for cat (kitten) and should be avoided.,unsafe
cat,kitten,soap food,"soap, additives",soap containing product that may be harmful or toxic for cat (kitten) and should be avoided.,unsafe
cat,kitten,onion food,"onion, additives",onion containing product that may be harmful or toxic for cat (kitten) and should be avoided.,unsafe
cat,kitten,ammonia food,"ammonia, additives",ammonia containing product that may be harmful or toxic for cat (kitten) and should be avoided.,unsafe
cat,kitten,onion food,"onion, additives",onion containing product that may be harmful or toxic for cat (kitten) and should be avoided.,unsafe
cat,kitten,alcohol food,"alcohol, additives",alcohol containing product that may be harmful or toxic for cat (kitten) and should be avoided.,unsafe
cat,kitten,chocolate food,"chocolate, additives",chocolate containing product that may be harmful or toxic for cat (kitten) and should be avoided.,unsafe
cat,kitten,salt overdose food,"salt overdose, additives",salt overdose containing product that may be harmful or toxic for cat (kitten) and should be avoided.,unsafe
cat,kitten,xylitol food,"xylitol, additives",xylitol containing product that may be harmful or toxic for cat (kitten) and should be avoided.,unsafe
cat,kitten,chocolate food,"chocolate, additives",chocolate containing product that may be harmful or toxic for cat (kitten) and should be avoided.,unsafe
cat,kitten,raisins food,"raisins, additives",raisins containing product that may be harmful or toxic for cat (kitten) and should be avoided.,unsafe
cat,kitten,macadamia nuts food,"macadamia nuts, additives",macadamia nuts containing product that may be harmful or toxic for cat (kitten) and should be avoided.,unsafe
cat,kitten,garlic food,"garlic, additives",garlic containing product that may be harmful or toxic for cat (kitten) and should be avoided.,unsafe
cat,kitten,ammonia food,"ammonia, additives",ammonia containing product that may be harmful or toxic for cat (kitten) and should be avoided.,unsafe
cat,kitten,ammonia food,"ammonia, additives",ammonia containing product that may be harmful or toxic for cat (kitten) and should be avoided.,unsafe
cat,kitten,grapes food,"grapes, additives",grapes containing product that may be harmful or toxic for cat (kitten) and should be avoided.,unsafe
cat,kitten,chocolate food,"chocolate, additives",chocolate containing product that may be harmful or toxic for cat (kitten) and should be avoided.,unsafe
cat,kitten,ammonia food,"ammonia, additives",ammonia containing product that may be harmful or toxic for cat (kitten) and should be avoided.,unsafe
cat,kitten,caffeine food,"caffeine, additives",caffeine containing product that may be harmful or toxic for cat (kitten) and should be avoided.,unsafe
cat,kitten,xylitol food,"xylitol, additives",xylitol containing product that may be harmful or toxic for cat (kitten) and should be avoided.,unsafe
cat,kitten,raisins food,"raisins, additives",raisins containing product that may be harmful or toxic for cat (kitten) and should be avoided.,unsafe
cat,kitten,detergent food,"detergent, additives",detergent containing product that may be harmful or toxic for cat (kitten) and should be avoided.,unsafe
cat,kitten,detergent food,"detergent, additives",detergent containing product that may be harmful or toxic for cat (kitten) and should be avoided.,unsafe
cat,kitten,onion food,"onion, additives",onion containing product that may be harmful or toxic for cat (kitten) and should be avoided.,unsafe
cat,kitten,macadamia nuts food,"macadamia nuts, additives",macadamia nuts containing product that may be harmful or toxic for cat (kitten) and should be avoided.,unsafe
cat,kitten,avocado food,"avocado, additives",avocado containing product that may be harmful or toxic for cat (kitten) and should be avoided.,unsafe
cat,kitten,garlic food,"garlic, additives",garlic containing product that may be harmful or toxic for cat (kitten) and should be avoided.,unsafe
cat,kitten,oil residue food,"oil residue, additives",oil residue containing product that may be harmful or toxic for cat (kitten) and should be avoided.,unsafe
cat,kitten,caffeine food,"caffeine, additives",caffeine containing product that may be harmful or toxic for cat (kitten) and should be avoided.,unsafe
cat,kitten,avocado food,"avocado, additives",avocado containing product that may be harmful or toxic for cat (kitten) and should be avoided.,unsafe
cat,kitten,grapes food,"grapes, additives",grapes containing product that may be harmful or toxic for cat (kitten) and should be avoided.,unsafe
cat,kitten,oil residue food,"oil residue, additives",oil residue containing product that may be harmful or toxic for cat (kitten) and should be avoided.,unsafe
cat,kitten,grapes food,"grapes, additives",grapes containing product that may be harmful or toxic for cat (kitten) and should be avoided.,unsafe
cat,kitten,garlic food,"garlic, additives",garlic containing product that may be harmful or toxic for cat (kitten) and should be avoided.,unsafe
cat,kitten,salt overdose food,"salt overdose, additives",salt overdose containing product that may be harmful or toxic for cat (kitten) and should be avoided.,unsafe
cat,kitten,chocolate food,"chocolate, additives",chocolate containing product that may be harmful or toxic for cat (kitten) and should be avoided.,unsafe
cat,kitten,chocolate food,"chocolate, additives",chocolate containing product that may be harmful or toxic for cat (kitten) and should be avoided.,unsafe
cat,kitten,oil residue food,"oil residue, additives",oil residue containing product that may be harmful or toxic for cat (kitten) and should be avoided.,unsafe
cat,kitten,alcohol food,"alcohol, additives",alcohol containing product that may be harmful or toxic for cat (kitten) and should be avoided.,unsafe
cat,kitten,detergent food,"detergent, additives",detergent containing product that may be harmful or toxic for cat (kitten) and should be avoided.,unsafe
cat,kitten,onion food,"onion, additives",onion containing product that may be harmful or toxic for cat (kitten) and should be avoided.,unsafe
cat,kitten,avocado food,"avocado, additives",avocado containing product that may be harmful or toxic for cat (kitten) and should be avoided.,unsafe
cat,kitten,chocolate food,"chocolate, additives",chocolate containing product that may be harmful or toxic for cat (kitten) and should be avoided.,unsafe
cat,kitten,grapes food,"grapes, additives",grapes containing product that may be harmful or toxic for cat (kitten) and should be avoided.,unsafe
cat,kitten,ammonia food,"ammonia, additives",ammonia containing product that may be harmful or toxic for cat (kitten) and should be avoided.,unsafe
cat,kitten,avocado food,"avocado, additives",avocado containing product that may be harmful or toxic for cat (kitten) and should be avoided.,unsafe
cat,kitten,alcohol food,"alcohol, additives",alcohol containing product that may be harmful or toxic for cat (kitten) and should be avoided.,unsafe
cat,kitten,grapes food,"grapes, additives",grapes containing product that may be harmful or toxic for cat (kitten) and should be avoided.,unsafe
cat,kitten,oil residue food,"oil residue, additives",oil residue containing product that may be harmful or toxic for cat (kitten) and should be avoided.,unsafe
cat,kitten,detergent food,"detergent, additives",detergent containing product that may be harmful or toxic for cat (kitten) and should be avoided.,unsafe
cat,kitten,caffeine food,"caffeine, additives",caffeine containing product that may be harmful or toxic for cat (kitten) and should be avoided.,unsafe
cat,kitten,avocado food,"avocado, additives",avocado containing product that may be harmful or toxic for cat (kitten) and should be avoided.,unsafe
cat,kitten,onion food,"onion, additives",onion containing product that may be harmful or toxic for cat (kitten) and should be avoided.,unsafe
cat,kitten,detergent food,"detergent, additives",detergent containing product that may be harmful or toxic for cat (kitten) and should be avoided.,unsafe
cat,kitten,garlic food,"garlic, additives",garlic containing product that may be harmful or toxic for cat (kitten) and should be avoided.,unsafe
cat,kitten,grapes food,"grapes, additives",grapes containing product that may be harmful or toxic for cat (kitten) and should be avoided.,unsafe
cat,kitten,macadamia nuts food,"macadamia nuts, additives",macadamia nuts containing product that may be harmful or toxic for cat (kitten) and should be avoided.,unsafe
cat,kitten,detergent food,"detergent, additives",detergent containing product that may be harmful or toxic for cat (kitten) and should be avoided.,unsafe
cat,kitten,xylitol food,"xylitol, additives",xylitol containing product that may be harmful or toxic for cat (kitten) and should be avoided.,unsafe
cat,kitten,xylitol food,"xylitol, additives",xylitol containing product that may be harmful or toxic for cat (kitten) and should be avoided.,unsafe
cat,kitten,raisins food,"raisins, additives",raisins containing product that may be harmful or toxic for cat (kitten) and should be avoided.,unsafe
cat,kitten,detergent food,"detergent, additives",detergent containing product that may be harmful or toxic for cat (kitten) and should be avoided.,unsafe
cat,kitten,grapes food,"grapes, additives",grapes containing product that may be harmful or toxic for cat (kitten) and should be avoided.,unsafe
cat,kitten,garlic food,"garlic, additives",garlic containing product that may be harmful or toxic for cat (kitten) and should be avoided.,unsafe
cat,kitten,raisins food,"raisins, additives",raisins containing product that may be harmful or toxic for cat (kitten) and should be avoided.,unsafe
cat,kitten,xylitol food,"xylitol, additives",xylitol containing product that may be harmful or toxic for cat (kitten) and should be avoided.,unsafe
cat,kitten,raisins food,"raisins, additives",raisins containing product that may be harmful or toxic for cat (kitten) and should be avoided.,unsafe
cat,kitten,caffeine food,"caffeine, additives",caffeine containing product that may be harmful or toxic for cat (kitten) and should be avoided.,unsafe
cat,kitten,detergent food,"detergent, additives",detergent containing product that may be harmful or toxic for cat (kitten) and should be avoided.,unsafe
cat,kitten,oil residue food,"oil residue, additives",oil residue containing product that may be harmful or toxic for cat (kitten) and should be avoided.,unsafe
cat,kitten,alcohol food,"alcohol, additives",alcohol containing product that may be harmful or toxic for cat (kitten) and should be avoided.,unsafe
cat,kitten,chocolate food,"chocolate, additives",chocolate containing product that may be harmful or toxic for cat (kitten) and should be avoided.,unsafe
cat,kitten,alcohol food,"alcohol, additives",alcohol containing product that may be harmful or toxic for cat (kitten) and should be avoided.,unsafe
cat,kitten,ammonia food,"ammonia, additives",ammonia containing product that may be harmful or toxic for cat (kitten) and should be avoided.,unsafe
cat,kitten,soap food,"soap, additives",soap containing product that may be harmful or toxic for cat (kitten) and should be avoided.,unsafe
cat,kitten,macadamia nuts food,"macadamia nuts, additives",macadamia nuts containing product that may be harmful or toxic for cat (kitten) and should be avoided.,unsafe
cat,kitten,macadamia nuts food,"macadamia nuts, additives",macadamia nuts containing product that may be harmful or toxic for cat (kitten) and should be avoided.,unsafe
cat,kitten,caffeine food,"caffeine, additives",caffeine containing product that may be harmful or toxic for cat (kitten) and should be avoided.,unsafe
cat,kitten,oil residue food,"oil residue, additives",oil residue containing product that may be harmful or toxic for cat (kitten) and should be avoided.,unsafe
cat,kitten,ammonia food,"ammonia, additives",ammonia containing product that may be harmful or toxic for cat (kitten) and should be avoided.,unsafe
cat,kitten,detergent food,"detergent, additives",detergent containing product that may be harmful or toxic for cat (kitten) and should be avoided.,unsafe
cat,kitten,ammonia food,"ammonia, additives",ammonia containing product that may be harmful or toxic for cat (kitten) and should be avoided.,unsafe
cat,kitten,onion food,"onion, additives",onion containing product that may be harmful or toxic for cat (kitten) and should be avoided.,unsafe
cat,kitten,onion food,"onion, additives",onion containing product that may be harmful or toxic for cat (kitten) and should be avoided.,unsafe
cat,kitten,ammonia food,"ammonia, additives",ammonia containing product that may be harmful or toxic for cat (kitten) and should be avoided.,unsafe
cat,kitten,grapes food,"grapes, additives",grapes containing product that may be harmful or toxic for cat (kitten) and should be avoided.,unsafe
cat,kitten,caffeine food,"caffeine, additives",caffeine containing product that may be harmful or toxic for cat (kitten) and should be avoided.,unsafe
cat,kitten,avocado food,"avocado, additives",avocado containing product that may be harmful or toxic for cat (kitten) and should be avoided.,unsafe
cat,kitten,avocado food,"avocado, additives",avocado containing product that may be harmful or toxic for cat (kitten) and should be avoided.,unsafe
cat,kitten,detergent food,"detergent, additives",detergent containing product that may be harmful or toxic for cat (kitten) and should be avoided.,unsafe
cat,kitten,grapes food,"grapes, additives",grapes containing product that may be harmful or toxic for cat (kitten) and should be avoided.,unsafe
cat,kitten,garlic food,"garlic, additives",garlic containing product that may be harmful or toxic for cat (kitten) and should be avoided.,unsafe
cat,kitten,oil residue food,"oil residue, additives",oil residue containing product that may be harmful or toxic for cat (kitten) and should be avoided.,unsafe
cat,kitten,alcohol food,"alcohol, additives",alcohol containing product that may be harmful or toxic for cat (kitten) and should be avoided.,unsafe
cat,kitten,oil residue food,"oil residue, additives",oil residue containing product that may be harmful or toxic for cat (kitten) and should be avoided.,unsafe
cat,kitten,ammonia food,"ammonia, additives",ammonia containing product that may be harmful or toxic for cat (kitten) and should be avoided.,unsafe
cat,kitten,xylitol food,"xylitol, additives",xylitol containing product that may be harmful or toxic for cat (kitten) and should be avoided.,unsafe
cat,adult,carrot meal,"carrot, vitamins, minerals",carrot based nutritious meal suitable for cat (adult) providing essential proteins vitamins and minerals.,safe
cat,adult,sunflower seeds meal,"sunflower seeds, vitamins, minerals",sunflower seeds based nutritious meal suitable for cat (adult) providing essential proteins vitamins and minerals.,safe
cat,adult,fish meal meal,"fish meal, vitamins, minerals",fish meal based nutritious meal suitable for cat (adult) providing essential proteins vitamins and minerals.,safe
cat,adult,salmon meal,"salmon, vitamins, minerals",salmon based nutritious meal suitable for cat (adult) providing essential proteins vitamins and minerals.,safe
cat,adult,salmon meal,"salmon, vitamins, minerals",salmon based nutritious meal suitable for cat (adult) providing essential proteins vitamins and minerals.,safe
cat,adult,tuna meal,"tuna, vitamins, minerals",tuna based nutritious meal suitable for cat (adult) providing essential proteins vitamins and minerals.,safe
cat,adult,pumpkin meal,"pumpkin, vitamins, minerals",pumpkin based nutritious meal suitable for cat (adult) providing essential proteins vitamins and minerals.,safe
cat,adult,spinach meal,"spinach, vitamins, minerals",spinach based nutritious meal suitable for cat (adult) providing essential proteins vitamins and minerals.,safe
cat,adult,duck meal,"duck, vitamins, minerals",duck based nutritious meal suitable for cat (adult) providing essential proteins vitamins and minerals.,safe
cat,adult,salmon meal,"salmon, vitamins, minerals",salmon based nutritious meal suitable for cat (adult) providing essential proteins vitamins and minerals.,safe
cat,adult,broccoli meal,"broccoli, vitamins, minerals",broccoli based nutritious meal suitable for cat (adult) providing essential proteins vitamins and minerals.,safe
cat,adult,carrot meal,"carrot, vitamins, minerals",carrot based nutritious meal suitable for cat (adult) providing essential proteins vitamins and minerals.,safe
cat,adult,duck meal,"duck, vitamins, minerals",duck based nutritious meal suitable for cat (adult) providing essential proteins vitamins and minerals.,safe
cat,adult,pumpkin meal,"pumpkin, vitamins, minerals",pumpkin based nutritious meal suitable for cat (adult) providing essential proteins vitamins and minerals.,safe
cat,adult,egg meal,"egg, vitamins, minerals",egg based nutritious meal suitable for cat (adult) providing essential proteins vitamins and minerals.,safe
cat,adult,fish meal meal,"fish meal, vitamins, minerals",fish meal based nutritious meal suitable for cat (adult) providing essential proteins vitamins and minerals.,safe
cat,adult,broccoli meal,"broccoli, vitamins, minerals",broccoli based nutritious meal suitable for cat (adult) providing essential proteins vitamins and minerals.,safe
cat,adult,sweet potato meal,"sweet potato, vitamins, minerals",sweet potato based nutritious meal suitable for cat (adult) providing essential proteins vitamins and minerals.,safe
cat,adult,brown rice meal,"brown rice, vitamins, minerals",brown rice based nutritious meal suitable for cat (adult) providing essential proteins vitamins and minerals.,safe
cat,adult,salmon meal,"salmon, vitamins, minerals",salmon based nutritious meal suitable for cat (adult) providing essential proteins vitamins and minerals.,safe
cat,adult,pumpkin meal,"pumpkin, vitamins, minerals",pumpkin based nutritious meal suitable for cat (adult) providing essential proteins vitamins and minerals.,safe
cat,adult,fish meal meal,"fish meal, vitamins, minerals",fish meal based nutritious meal suitable for cat (adult) providing essential proteins vitamins and minerals.,safe
cat,adult,tuna meal,"tuna, vitamins, minerals",tuna based nutritious meal suitable for cat (adult) providing essential proteins vitamins and minerals.,safe
cat,adult,peas meal,"peas, vitamins, minerals",peas based nutritious meal suitable for cat (adult) providing essential proteins vitamins and minerals.,safe
cat,adult,sunflower seeds meal,"sunflower seeds, vitamins, minerals",sunflower seeds based nutritious meal suitable for cat (adult) providing essential proteins vitamins and minerals.,safe
cat,adult,millet meal,"millet, vitamins, minerals",millet based nutritious meal suitable for cat (adult) providing essential proteins vitamins and minerals.,safe
cat,adult,broccoli meal,"broccoli, vitamins, minerals",broccoli based nutritious meal suitable for cat (adult) providing essential proteins vitamins and minerals.,safe
cat,adult,salmon meal,"salmon, vitamins, minerals",salmon based nutritious meal suitable for cat (adult) providing essential proteins vitamins and minerals.,safe
cat,adult,peas meal,"peas, vitamins, minerals",peas based nutritious meal suitable for cat (adult) providing essential proteins vitamins and minerals.,safe
cat,adult,fish meal meal,"fish meal, vitamins, minerals",fish meal based nutritious meal suitable for cat (adult) providing essential proteins vitamins and minerals.,safe
cat,adult,spinach meal,"spinach, vitamins, minerals",spinach based nutritious meal suitable for cat (adult) providing essential proteins vitamins and minerals.,safe
cat,adult,egg meal,"egg, vitamins, minerals",egg based nutritious meal suitable for cat (adult) providing essential proteins vitamins and minerals.,safe
cat,adult,tuna meal,"tuna, vitamins, minerals",tuna based nutritious meal suitable for cat (adult) providing essential proteins vitamins and minerals.,safe
cat,adult,chicken meal,"chicken, vitamins, minerals",chicken based nutritious meal suitable for cat (adult) providing essential proteins vitamins and minerals.,safe
cat,adult,sunflower seeds meal,"sunflower seeds, vitamins, minerals",sunflower seeds based nutritious meal suitable for cat (adult) providing essential proteins vitamins and minerals.,safe
cat,adult,turkey meal,"turkey, vitamins, minerals",turkey based nutritious meal suitable for cat (adult) providing essential proteins vitamins and minerals.,safe
cat,adult,shrimp meal,"shrimp, vitamins, minerals",shrimp based nutritious meal suitable for cat (adult) providing essential proteins vitamins and minerals.,safe
cat,adult,sweet potato meal,"sweet potato, vitamins, minerals",sweet potato based nutritious meal suitable for cat (adult) providing essential proteins vitamins and minerals.,safe
cat,adult,turkey meal,"turkey, vitamins, minerals",turkey based nutritious meal suitable for cat (adult) providing essential proteins vitamins and minerals.,safe
cat,adult,broccoli meal,"broccoli, vitamins, minerals",broccoli based nutritious meal suitable for cat (adult) providing essential proteins vitamins and minerals.,safe
cat,adult,pumpkin meal,"pumpkin, vitamins, minerals",pumpkin based nutritious meal suitable for cat (adult) providing essential proteins vitamins and minerals.,safe
cat,adult,rice meal,"rice, vitamins, minerals",rice based nutritious meal suitable for cat (adult) providing essential proteins vitamins and minerals.,safe
cat,adult,salmon meal,"salmon, vitamins, minerals",salmon based nutritious meal suitable for cat (adult) providing essential proteins vitamins and minerals.,safe
cat,adult,salmon meal,"salmon, vitamins, minerals",salmon based nutritious meal suitable for cat (adult) providing essential proteins vitamins and minerals.,safe
cat,adult,tuna meal,"tuna, vitamins, minerals",tuna based nutritious meal suitable for cat (adult) providing essential proteins vitamins and minerals.,safe
cat,adult,rice meal,"rice, vitamins, minerals",rice based nutritious meal suitable for cat (adult) providing essential proteins vitamins and minerals.,safe
cat,adult,pumpkin meal,"pumpkin, vitamins, minerals",pumpkin based nutritious meal suitable for cat (adult) providing essential proteins vitamins and minerals.,safe
cat,adult,duck meal,"duck, vitamins, minerals",duck based nutritious meal suitable for cat (adult) providing essential proteins vitamins and minerals.,safe
cat,adult,egg meal,"egg, vitamins, minerals",egg based nutritious meal suitable for cat (adult) providing essential proteins vitamins and minerals.,safe
cat,adult,brown rice meal,"brown rice, vitamins, minerals",brown rice based nutritious meal suitable for cat (adult) providing essential proteins vitamins and minerals.,safe
cat,adult,lamb meal,"lamb, vitamins, minerals",lamb based nutritious meal suitable for cat (adult) providing essential proteins vitamins and minerals.,safe
cat,adult,fish meal meal,"fish meal, vitamins, minerals",fish meal based nutritious meal suitable for cat (adult) providing essential proteins vitamins and minerals.,safe
cat,adult,chicken meal,"chicken, vitamins, minerals",chicken based nutritious meal suitable for cat (adult) providing essential proteins vitamins and minerals.,safe
cat,adult,rice meal,"rice, vitamins, minerals",rice based nutritious meal suitable for cat (adult) providing essential proteins vitamins and minerals.,safe
cat,adult,turkey meal,"turkey, vitamins, minerals",turkey based nutritious meal suitable for cat (adult) providing essential proteins vitamins and minerals.,safe
cat,adult,chicken meal,"chicken, vitamins, minerals",chicken based nutritious meal suitable for cat (adult) providing essential proteins vitamins and minerals.,safe
cat,adult,rice meal,"rice, vitamins, minerals",rice based nutritious meal suitable for cat (adult) providing essential proteins vitamins and minerals.,safe
cat,adult,spinach meal,"spinach, vitamins, minerals",spinach based nutritious meal suitable for cat (adult) providing essential proteins vitamins and minerals.,safe
cat,adult,lamb meal,"lamb, vitamins, minerals",lamb based nutritious meal suitable for cat (adult) providing essential proteins vitamins and minerals.,safe
cat,adult,tuna meal,"tuna, vitamins, minerals",tuna based nutritious meal suitable for cat (adult) providing essential proteins vitamins and minerals.,safe
cat,adult,egg meal,"egg, vitamins, minerals",egg based nutritious meal suitable for cat (adult) providing essential proteins vitamins and minerals.,safe
cat,adult,turkey meal,"turkey, vitamins, minerals",turkey based nutritious meal suitable for cat (adult) providing essential proteins vitamins and minerals.,safe
cat,adult,sunflower seeds meal,"sunflower seeds, vitamins, minerals",sunflower seeds based nutritious meal suitable for cat (adult) providing essential proteins vitamins and minerals.,safe
cat,adult,pumpkin meal,"pumpkin, vitamins, minerals",pumpkin based nutritious meal suitable for cat (adult) providing essential proteins vitamins and minerals.,safe
cat,adult,carrot meal,"carrot, vitamins, minerals",carrot based nutritious meal suitable for cat (adult) providing essential proteins vitamins and minerals.,safe
cat,adult,lamb meal,"lamb, vitamins, minerals",lamb based nutritious meal suitable for cat (adult) providing essential proteins vitamins and minerals.,safe
cat,adult,tuna meal,"tuna, vitamins, minerals",tuna based nutritious meal suitable for cat (adult) providing essential proteins vitamins and minerals.,safe
cat,adult,egg meal,"egg, vitamins, minerals",egg based nutritious meal suitable for cat (adult) providing essential proteins vitamins and minerals.,safe
cat,adult,broccoli meal,"broccoli, vitamins, minerals",broccoli based nutritious meal suitable for cat (adult) providing essential proteins vitamins and minerals.,safe
cat,adult,tuna meal,"tuna, vitamins, minerals",tuna based nutritious meal suitable for cat (adult) providing essential proteins vitamins and minerals.,safe
cat,adult,lamb meal,"lamb, vitamins, minerals",lamb based nutritious meal suitable for cat (adult) providing essential proteins vitamins and minerals.,safe
cat,adult,tuna meal,"tuna, vitamins, minerals",tuna based nutritious meal suitable for cat (adult) providing essential proteins vitamins and minerals.,safe
cat,adult,salmon meal,"salmon, vitamins, minerals",salmon based nutritious meal suitable for cat (adult) providing essential proteins vitamins and minerals.,safe
cat,adult,millet meal,"millet, vitamins, minerals",millet based nutritious meal suitable for cat (adult) providing essential proteins vitamins and minerals.,safe
cat,adult,duck meal,"duck, vitamins, minerals",duck based nutritious meal suitable for cat (adult) providing essential proteins vitamins and minerals.,safe
cat,adult,lamb meal,"lamb, vitamins, minerals",lamb based nutritious meal suitable for cat (adult) providing essential proteins vitamins and minerals.,safe
cat,adult,egg meal,"egg, vitamins, minerals",egg based nutritious meal suitable for cat (adult) providing essential proteins vitamins and minerals.,safe
cat,adult,duck meal,"duck, vitamins, minerals",duck based nutritious meal suitable for cat (adult) providing essential proteins vitamins and minerals.,safe
cat,adult,broccoli meal,"broccoli, vitamins, minerals",broccoli based nutritious meal suitable for cat (adult) providing essential proteins vitamins and minerals.,safe
cat,adult,peas meal,"peas, vitamins, minerals",peas based nutritious meal suitable for cat (adult) providing essential proteins vitamins and minerals.,safe
cat,adult,pumpkin meal,"pumpkin, vitamins, minerals",pumpkin based nutritious meal suitable for cat (adult) providing essential proteins vitamins and minerals.,safe
cat,adult,turkey meal,"turkey, vitamins, minerals",turkey based nutritious meal suitable for cat (adult) providing essential proteins vitamins and minerals.,safe
cat,adult,duck meal,"duck, vitamins, minerals",duck based nutritious meal suitable for cat (adult) providing essential proteins vitamins and minerals.,safe
cat,adult,carrot meal,"carrot, vitamins, minerals",carrot based nutritious meal suitable for cat (adult) providing essential proteins vitamins and minerals.,safe
cat,adult,egg meal,"egg, vitamins, minerals",egg based nutritious meal suitable for cat (adult) providing essential proteins vitamins and minerals.,safe
cat,adult,carrot meal,"carrot, vitamins, minerals",carrot based nutritious meal suitable for cat (adult) providing essential proteins vitamins and minerals.,safe
cat,adult,sweet potato meal,"sweet potato, vitamins, minerals",sweet potato based nutritious meal suitable for cat (adult) providing essential proteins vitamins and minerals.,safe
cat,adult,chicken meal,"chicken, vitamins, minerals",chicken based nutritious meal suitable for cat (adult) providing essential proteins vitamins and minerals.,safe
cat,adult,sweet potato meal,"sweet potato, vitamins, minerals",sweet potato based nutritious meal suitable for cat (adult) providing essential proteins vitamins and minerals.,safe
cat,adult,salmon meal,"salmon, vitamins, minerals",salmon based nutritious meal suitable for cat (adult) providing essential proteins vitamins and minerals.,safe
cat,adult,egg meal,"egg, vitamins, minerals",egg based nutritious meal suitable for cat (adult) providing essential proteins vitamins and minerals.,safe
cat,adult,carrot meal,"carrot, vitamins, minerals",carrot based nutritious meal suitable for cat (adult) providing essential proteins vitamins and minerals.,safe
cat,adult,egg meal,"egg, vitamins, minerals",egg based nutritious meal suitable for cat (adult) providing essential proteins vitamins and minerals.,safe
cat,adult,fish meal meal,"fish meal, vitamins, minerals",fish meal based nutritious meal suitable for cat (adult) providing essential proteins vitamins and minerals.,safe
cat,adult,turkey meal,"turkey, vitamins, minerals",turkey based nutritious meal suitable for cat (adult) providing essential proteins vitamins and minerals.,safe
cat,adult,tuna meal,"tuna, vitamins, minerals",tuna based nutritious meal suitable for cat (adult) providing essential proteins vitamins and minerals.,safe
cat,adult,egg meal,"egg, vitamins, minerals",egg based nutritious meal suitable for cat (adult) providing essential proteins vitamins and minerals.,safe
cat,adult,shrimp meal,"shrimp, vitamins, minerals",shrimp based nutritious meal suitable for cat (adult) providing essential proteins vitamins and minerals.,safe
cat,adult,millet meal,"millet, vitamins, minerals",millet based nutritious meal suitable for cat (adult) providing essential proteins vitamins and minerals.,safe
cat,adult,salmon meal,"salmon, vitamins, minerals",salmon based nutritious meal suitable for cat (adult) providing essential proteins vitamins and minerals.,safe
cat,adult,apple snack,"apple, wheat, corn",apple based food occasionally acceptable for cat (adult) but should be given in limited quantities.,moderate
cat,adult,cheese snack,"cheese, wheat, corn",cheese based food occasionally acceptable for cat (adult) but should be given in limited quantities.,moderate
cat,adult,coconut snack,"coconut, wheat, corn",coconut based food occasionally acceptable for cat (adult) but should be given in limited quantities.,moderate
cat,adult,barley snack,"barley, wheat, corn",barley based food occasionally acceptable for cat (adult) but should be given in limited quantities.,moderate
cat,adult,corn snack,"corn, wheat, corn",corn based food occasionally acceptable for cat (adult) but should be given in limited quantities.,moderate
cat,adult,honey snack,"honey, wheat, corn",honey based food occasionally acceptable for cat (adult) but should be given in limited quantities.,moderate
cat,adult,bread snack,"bread, wheat, corn",bread based food occasionally acceptable for cat (adult) but should be given in limited quantities.,moderate
cat,adult,cheese snack,"cheese, wheat, corn",cheese based food occasionally acceptable for cat (adult) but should be given in limited quantities.,moderate
cat,adult,potato snack,"potato, wheat, corn",potato based food occasionally acceptable for cat (adult) but should be given in limited quantities.,moderate
cat,adult,mango snack,"mango, wheat, corn",mango based food occasionally acceptable for cat (adult) but should be given in limited quantities.,moderate
cat,adult,cheese snack,"cheese, wheat, corn",cheese based food occasionally acceptable for cat (adult) but should be given in limited quantities.,moderate
cat,adult,cheese snack,"cheese, wheat, corn",cheese based food occasionally acceptable for cat (adult) but should be given in limited quantities.,moderate
cat,adult,bread snack,"bread, wheat, corn",bread based food occasionally acceptable for cat (adult) but should be given in limited quantities.,moderate
cat,adult,peanut butter snack,"peanut butter, wheat, corn",peanut butter based food occasionally acceptable for cat (adult) but should be given in limited quantities.,moderate
cat,adult,potato snack,"potato, wheat, corn",potato based food occasionally acceptable for cat (adult) but should be given in limited quantities.,moderate
cat,adult,barley snack,"barley, wheat, corn",barley based food occasionally acceptable for cat (adult) but should be given in limited quantities.,moderate
cat,adult,corn snack,"corn, wheat, corn",corn based food occasionally acceptable for cat (adult) but should be given in limited quantities.,moderate
cat,adult,yogurt snack,"yogurt, wheat, corn",yogurt based food occasionally acceptable for cat (adult) but should be given in limited quantities.,moderate
cat,adult,honey snack,"honey, wheat, corn",honey based food occasionally acceptable for cat (adult) but should be given in limited quantities.,moderate
cat,adult,mango snack,"mango, wheat, corn",mango based food occasionally acceptable for cat (adult) but should be given in limited quantities.,moderate
cat,adult,barley snack,"barley, wheat, corn",barley based food occasionally acceptable for cat (adult) but should be given in limited quantities.,moderate
cat,adult,potato snack,"potato, wheat, corn",potato based food occasionally acceptable for cat (adult) but should be given in limited quantities.,moderate
cat,adult,soybean snack,"soybean, wheat, corn",soybean based food occasionally acceptable for cat (adult) but should be given in limited quantities.,moderate
cat,adult,yogurt snack,"yogurt, wheat, corn",yogurt based food occasionally acceptable for cat (adult) but should be given in limited quantities.,moderate
cat,adult,milk snack,"milk, wheat, corn",milk based food occasionally acceptable for cat (adult) but should be given in limited quantities.,moderate
cat,adult,apple snack,"apple, wheat, corn",apple based food occasionally acceptable for cat (adult) but should be given in limited quantities.,moderate
cat,adult,apple snack,"apple, wheat, corn",apple based food occasionally acceptable for cat (adult) but should be given in limited quantities.,moderate
cat,adult,coconut snack,"coconut, wheat, corn",coconut based food occasionally acceptable for cat (adult) but should be given in limited quantities.,moderate
cat,adult,milk snack,"milk, wheat, corn",milk based food occasionally acceptable for cat (adult) but should be given in limited quantities.,moderate
cat,adult,cheese snack,"cheese, wheat, corn",cheese based food occasionally acceptable for cat (adult) but should be given in limited quantities.,moderate
cat,adult,soybean snack,"soybean, wheat, corn",soybean based food occasionally acceptable for cat (adult) but should be given in limited quantities.,moderate
cat,adult,potato snack,"potato, wheat, corn",potato based food occasionally acceptable for cat (adult) but should be given in limited quantities.,moderate
cat,adult,barley snack,"barley, wheat, corn",barley based food occasionally acceptable for cat (adult) but should be given in limited quantities.,moderate
cat,adult,coconut snack,"coconut, wheat, corn",coconut based food occasionally acceptable for cat (adult) but should be given in limited quantities.,moderate
cat,adult,corn snack,"corn, wheat, corn",corn based food occasionally acceptable for cat (adult) but should be given in limited quantities.,moderate
cat,adult,corn snack,"corn, wheat, corn",corn based food occasionally acceptable for cat (adult) but should be given in limited quantities.,moderate
cat,adult,cheese snack,"cheese, wheat, corn",cheese based food occasionally acceptable for cat (adult) but should be given in limited quantities.,moderate
cat,adult,banana snack,"banana, wheat, corn",banana based food occasionally acceptable for cat (adult) but should be given in limited quantities.,moderate
cat,adult,coconut snack,"coconut, wheat, corn",coconut based food occasionally acceptable for cat (adult) but should be given in limited quantities.,moderate
cat,adult,barley snack,"barley, wheat, corn",barley based food occasionally acceptable for cat (adult) but should be given in limited quantities.,moderate
cat,adult,milk snack,"milk, wheat, corn",milk based food occasionally acceptable for cat (adult) but should be given in limited quantities.,moderate
cat,adult,wheat snack,"wheat, wheat, corn",wheat based food occasionally acceptable for cat (adult) but should be given in limited quantities.,moderate
cat,adult,coconut snack,"coconut, wheat, corn",coconut based food occasionally acceptable for cat (adult) but should be given in limited quantities.,moderate
cat,adult,potato snack,"potato, wheat, corn",potato based food occasionally acceptable for cat (adult) but should be given in limited quantities.,moderate
cat,adult,barley snack,"barley, wheat, corn",barley based food occasionally acceptable for cat (adult) but should be given in limited quantities.,moderate
cat,adult,bread snack,"bread, wheat, corn",bread based food occasionally acceptable for cat (adult) but should be given in limited quantities.,moderate
cat,adult,corn snack,"corn, wheat, corn",corn based food occasionally acceptable for cat (adult) but should be given in limited quantities.,moderate
cat,adult,soybean snack,"soybean, wheat, corn",soybean based food occasionally acceptable for cat (adult) but should be given in limited quantities.,moderate
cat,adult,wheat snack,"wheat, wheat, corn",wheat based food occasionally acceptable for cat (adult) but should be given in limited quantities.,moderate
cat,adult,potato snack,"potato, wheat, corn",potato based food occasionally acceptable for cat (adult) but should be given in limited quantities.,moderate
cat,adult,yogurt snack,"yogurt, wheat, corn",yogurt based food occasionally acceptable for cat (adult) but should be given in limited quantities.,moderate
cat,adult,barley snack,"barley, wheat, corn",barley based food occasionally acceptable for cat (adult) but should be given in limited quantities.,moderate
cat,adult,wheat snack,"wheat, wheat, corn",wheat based food occasionally acceptable for cat (adult) but should be given in limited quantities.,moderate
cat,adult,barley snack,"barley, wheat, corn",barley based food occasionally acceptable for cat (adult) but should be given in limited quantities.,moderate
cat,adult,soybean snack,"soybean, wheat, corn",soybean based food occasionally acceptable for cat (adult) but should be given in limited quantities.,moderate
cat,adult,cheese snack,"cheese, wheat, corn",cheese based food occasionally acceptable for cat (adult) but should be given in limited quantities.,moderate
cat,adult,coconut snack,"coconut, wheat, corn",coconut based food occasionally acceptable for cat (adult) but should be given in limited quantities.,moderate
cat,adult,peanut butter snack,"peanut butter, wheat, corn",peanut butter based food occasionally acceptable for cat (adult) but should be given in limited quantities.,moderate
cat,adult,milk snack,"milk, wheat, corn",milk based food occasionally acceptable for cat (adult) but should be given in limited quantities.,moderate
cat,adult,peanut butter snack,"peanut butter, wheat, corn",peanut butter based food occasionally acceptable for cat (adult) but should be given in limited quantities.,moderate
cat,adult,apple snack,"apple, wheat, corn",apple based food occasionally acceptable for cat (adult) but should be given in limited quantities.,moderate
cat,adult,milk snack,"milk, wheat, corn",milk based food occasionally acceptable for cat (adult) but should be given in limited quantities.,moderate
cat,adult,peanut butter snack,"peanut butter, wheat, corn",peanut butter based food occasionally acceptable for cat (adult) but should be given in limited quantities.,moderate
cat,adult,corn snack,"corn, wheat, corn",corn based food occasionally acceptable for cat (adult) but should be given in limited quantities.,moderate
cat,adult,barley snack,"barley, wheat, corn",barley based food occasionally acceptable for cat (adult) but should be given in limited quantities.,moderate
cat,adult,wheat snack,"wheat, wheat, corn",wheat based food occasionally acceptable for cat (adult) but should be given in limited quantities.,moderate
cat,adult,mango snack,"mango, wheat, corn",mango based food occasionally acceptable for cat (adult) but should be given in limited quantities.,moderate
cat,adult,coconut snack,"coconut, wheat, corn",coconut based food occasionally acceptable for cat (adult) but should be given in limited quantities.,moderate
cat,adult,banana snack,"banana, wheat, corn",banana based food occasionally acceptable for cat (adult) but should be given in limited quantities.,moderate
cat,adult,bread snack,"bread, wheat, corn",bread based food occasionally acceptable for cat (adult) but should be given in limited quantities.,moderate
cat,adult,potato snack,"potato, wheat, corn",potato based food occasionally acceptable for cat (adult) but should be given in limited quantities.,moderate
cat,adult,potato snack,"potato, wheat, corn",potato based food occasionally acceptable for cat (adult) but should be given in limited quantities.,moderate
cat,adult,potato snack,"potato, wheat, corn",potato based food occasionally acceptable for cat (adult) but should be given in limited quantities.,moderate
cat,adult,banana snack,"banana, wheat, corn",banana based food occasionally acceptable for cat (adult) but should be given in limited quantities.,moderate
cat,adult,cheese snack,"cheese, wheat, corn",cheese based food occasionally acceptable for cat (adult) but should be given in limited quantities.,moderate
cat,adult,corn snack,"corn, wheat, corn",corn based food occasionally acceptable for cat (adult) but should be given in limited quantities.,moderate
cat,adult,barley snack,"barley, wheat, corn",barley based food occasionally acceptable for cat (adult) but should be given in limited quantities.,moderate
cat,adult,cheese snack,"cheese, wheat, corn",cheese based food occasionally acceptable for cat (adult) but should be given in limited quantities.,moderate
cat,adult,potato snack,"potato, wheat, corn",potato based food occasionally acceptable for cat (adult) but should be given in limited quantities.,moderate
cat,adult,soybean snack,"soybean, wheat, corn",soybean based food occasionally acceptable for cat (adult) but should be given in limited quantities.,moderate
cat,adult,coconut snack,"coconut, wheat, corn",coconut based food occasionally acceptable for cat (adult) but should be given in limited quantities.,moderate
cat,adult,peanut butter snack,"peanut butter, wheat, corn",peanut butter based food occasionally acceptable for cat (adult) but should be given in limited quantities.,moderate
cat,adult,honey snack,"honey, wheat, corn",honey based food occasionally acceptable for cat (adult) but should be given in limited quantities.,moderate
cat,adult,apple snack,"apple, wheat, corn",apple based food occasionally acceptable for cat (adult) but should be given in limited quantities.,moderate
cat,adult,coconut snack,"coconut, wheat, corn",coconut based food occasionally acceptable for cat (adult) but should be given in limited quantities.,moderate
cat,adult,peanut butter snack,"peanut butter, wheat, corn",peanut butter based food occasionally acceptable for cat (adult) but should be given in limited quantities.,moderate
cat,adult,potato snack,"potato, wheat, corn",potato based food occasionally acceptable for cat (adult) but should be given in limited quantities.,moderate
cat,adult,mango snack,"mango, wheat, corn",mango based food occasionally acceptable for cat (adult) but should be given in limited quantities.,moderate
cat,adult,wheat snack,"wheat, wheat, corn",wheat based food occasionally acceptable for cat (adult) but should be given in limited quantities.,moderate
cat,adult,cheese snack,"cheese, wheat, corn",cheese based food occasionally acceptable for cat (adult) but should be given in limited quantities.,moderate
cat,adult,wheat snack,"wheat, wheat, corn",wheat based food occasionally acceptable for cat (adult) but should be given in limited quantities.,moderate
cat,adult,coconut snack,"coconut, wheat, corn",coconut based food occasionally acceptable for cat (adult) but should be given in limited quantities.,moderate
cat,adult,barley snack,"barley, wheat, corn",barley based food occasionally acceptable for cat (adult) but should be given in limited quantities.,moderate
cat,adult,yogurt snack,"yogurt, wheat, corn",yogurt based food occasionally acceptable for cat (adult) but should be given in limited quantities.,moderate
cat,adult,peanut butter snack,"peanut butter, wheat, corn",peanut butter based food occasionally acceptable for cat (adult) but should be given in limited quantities.,moderate
cat,adult,soybean snack,"soybean, wheat, corn",soybean based food occasionally acceptable for cat (adult) but should be given in limited quantities.,moderate
cat,adult,yogurt snack,"yogurt, wheat, corn",yogurt based food occasionally acceptable for cat (adult) but should be given in limited quantities.,moderate
cat,adult,bread snack,"bread, wheat, corn",bread based food occasionally acceptable for cat (adult) but should be given in limited quantities.,moderate
cat,adult,banana snack,"banana, wheat, corn",banana based food occasionally acceptable for cat (adult) but should be given in limited quantities.,moderate
cat,adult,coconut snack,"coconut, wheat, corn",coconut based food occasionally acceptable for cat (adult) but should be given in limited quantities.,moderate
cat,adult,oil residue food,"oil residue, additives",oil residue containing product that may be harmful or toxic for cat (adult) and should be avoided.,unsafe
cat,adult,xylitol food,"xylitol, additives",xylitol containing product that may be harmful or toxic for cat (adult) and should be avoided.,unsafe
cat,adult,oil residue food,"oil residue, additives",oil residue containing product that may be harmful or toxic for cat (adult) and should be avoided.,unsafe
cat,adult,macadamia nuts food,"macadamia nuts, additives",macadamia nuts containing product that may be harmful or toxic for cat (adult) and should be avoided.,unsafe
cat,adult,avocado food,"avocado, additives",avocado containing product that may be harmful or toxic for cat (adult) and should be avoided.,unsafe
cat,adult,macadamia nuts food,"macadamia nuts, additives",macadamia nuts containing product that may be harmful or toxic for cat (adult) and should be avoided.,unsafe
cat,adult,salt overdose food,"salt overdose, additives",salt overdose containing product that may be harmful or toxic for cat (adult) and should be avoided.,unsafe
cat,adult,alcohol food,"alcohol, additives",alcohol containing product that may be harmful or toxic for cat (adult) and should be avoided.,unsafe
cat,adult,macadamia nuts food,"macadamia nuts, additives",macadamia nuts containing product that may be harmful or toxic for cat (adult) and should be avoided.,unsafe
cat,adult,grapes food,"grapes, additives",grapes containing product that may be harmful or toxic for cat (adult) and should be avoided.,unsafe
cat,adult,onion food,"onion, additives",onion containing product that may be harmful or toxic for cat (adult) and should be avoided.,unsafe
cat,adult,caffeine food,"caffeine, additives",caffeine containing product that may be harmful or toxic for cat (adult) and should be avoided.,unsafe
cat,adult,macadamia nuts food,"macadamia nuts, additives",macadamia nuts containing product that may be harmful or toxic for cat (adult) and should be avoided.,unsafe
cat,adult,grapes food,"grapes, additives",grapes containing product that may be harmful or toxic for cat (adult) and should be avoided.,unsafe
cat,adult,oil residue food,"oil residue, additives",oil residue containing product that may be harmful or toxic for cat (adult) and should be avoided.,unsafe
cat,adult,caffeine food,"caffeine, additives",caffeine containing product that may be harmful or toxic for cat (adult) and should be avoided.,unsafe
cat,adult,detergent food,"detergent, additives",detergent containing product that may be harmful or toxic for cat (adult) and should be avoided.,unsafe
cat,adult,xylitol food,"xylitol, additives",xylitol containing product that may be harmful or toxic for cat (adult) and should be avoided.,unsafe
cat,adult,onion food,"onion, additives",onion containing product that may be harmful or toxic for cat (adult) and should be avoided.,unsafe
cat,adult,caffeine food,"caffeine, additives",caffeine containing product that may be harmful or toxic for cat (adult) and should be avoided.,unsafe
cat,adult,chocolate food,"chocolate, additives",chocolate containing product that may be harmful or toxic for cat (adult) and should be avoided.,unsafe
cat,adult,macadamia nuts food,"macadamia nuts, additives",macadamia nuts containing product that may be harmful or toxic for cat (adult) and should be avoided.,unsafe
cat,adult,detergent food,"detergent, additives",detergent containing product that may be harmful or toxic for cat (adult) and should be avoided.,unsafe
cat,adult,raisins food,"raisins, additives",raisins containing product that may be harmful or toxic for cat (adult) and should be avoided.,unsafe
cat,adult,ammonia food,"ammonia, additives",ammonia containing product that may be harmful or toxic for cat (adult) and should be avoided.,unsafe
cat,adult,onion food,"onion, additives",onion containing product that may be harmful or toxic for cat (adult) and should be avoided.,unsafe
cat,adult,raisins food,"raisins, additives",raisins containing product that may be harmful or toxic for cat (adult) and should be avoided.,unsafe
cat,adult,garlic food,"garlic, additives",garlic containing product that may be harmful or toxic for cat (adult) and should be avoided.,unsafe
cat,adult,caffeine food,"caffeine, additives",caffeine containing product that may be harmful or toxic for cat (adult) and should be avoided.,unsafe
cat,adult,alcohol food,"alcohol, additives",alcohol containing product that may be harmful or toxic for cat (adult) and should be avoided.,unsafe
cat,adult,macadamia nuts food,"macadamia nuts, additives",macadamia nuts containing product that may be harmful or toxic for cat (adult) and should be avoided.,unsafe
cat,adult,salt overdose food,"salt overdose, additives",salt overdose containing product that may be harmful or toxic for cat (adult) and should be avoided.,unsafe
cat,adult,macadamia nuts food,"macadamia nuts, additives",macadamia nuts containing product that may be harmful or toxic for cat (adult) and should be avoided.,unsafe
cat,adult,caffeine food,"caffeine, additives",caffeine containing product that may be harmful or toxic for cat (adult) and should be avoided.,unsafe
cat,adult,detergent food,"detergent, additives",detergent containing product that may be harmful or toxic for cat (adult) and should be avoided.,unsafe
cat,adult,detergent food,"detergent, additives",detergent containing product that may be harmful or toxic for cat (adult) and should be avoided.,unsafe
cat,adult,raisins food,"raisins, additives",raisins containing product that may be harmful or toxic for cat (adult) and should be avoided.,unsafe
cat,adult,raisins food,"raisins, additives",raisins containing product that may be harmful or toxic for cat (adult) and should be avoided.,unsafe
cat,adult,avocado food,"avocado, additives",avocado containing product that may be harmful or toxic for cat (adult) and should be avoided.,unsafe
cat,adult,caffeine food,"caffeine, additives",caffeine containing product that may be harmful or toxic for cat (adult) and should be avoided.,unsafe
cat,adult,macadamia nuts food,"macadamia nuts, additives",macadamia nuts containing product that may be harmful or toxic for cat (adult) and should be avoided.,unsafe
cat,adult,detergent food,"detergent, additives",detergent containing product that may be harmful or toxic for cat (adult) and should be avoided.,unsafe
cat,adult,raisins food,"raisins, additives",raisins containing product that may be harmful or toxic for cat (adult) and should be avoided.,unsafe
cat,adult,onion food,"onion, additives",onion containing product that may be harmful or toxic for cat (adult) and should be avoided.,unsafe
cat,adult,garlic food,"garlic, additives",garlic containing product that may be harmful or toxic for cat (adult) and should be avoided.,unsafe
cat,adult,xylitol food,"xylitol, additives",xylitol containing product that may be harmful or toxic for cat (adult) and should be avoided.,unsafe
cat,adult,ammonia food,"ammonia, additives",ammonia containing product that may be harmful or toxic for cat (adult) and should be avoided.,unsafe
cat,adult,chocolate food,"chocolate, additives",chocolate containing product that may be harmful or toxic for cat (adult) and should be avoided.,unsafe
cat,adult,garlic food,"garlic, additives",garlic containing product that may be harmful or toxic for cat (adult) and should be avoided.,unsafe
cat,adult,onion food,"onion, additives",onion containing product that may be harmful or toxic for cat (adult) and should be avoided.,unsafe
cat,adult,oil residue food,"oil residue, additives",oil residue containing product that may be harmful or toxic for cat (adult) and should be avoided.,unsafe
cat,adult,grapes food,"grapes, additives",grapes containing product that may be harmful or toxic for cat (adult) and should be avoided.,unsafe
cat,adult,alcohol food,"alcohol, additives",alcohol containing product that may be harmful or toxic for cat (adult) and should be avoided.,unsafe
cat,adult,salt overdose food,"salt overdose, additives",salt overdose containing product that may be harmful or toxic for cat (adult) and should be avoided.,unsafe
cat,adult,raisins food,"raisins, additives",raisins containing product that may be harmful or toxic for cat (adult) and should be avoided.,unsafe
cat,adult,salt overdose food,"salt overdose, additives",salt overdose containing product that may be harmful or toxic for cat (adult) and should be avoided.,unsafe
cat,adult,alcohol food,"alcohol, additives",alcohol containing product that may be harmful or toxic for cat (adult) and should be avoided.,unsafe
cat,adult,avocado food,"avocado, additives",avocado containing product that may be harmful or toxic for cat (adult) and should be avoided.,unsafe
cat,adult,grapes food,"grapes, additives",grapes containing product that may be harmful or toxic for cat (adult) and should be avoided.,unsafe
cat,adult,chocolate food,"chocolate, additives",chocolate containing product that may be harmful or toxic for cat (adult) and should be avoided.,unsafe
cat,adult,xylitol food,"xylitol, additives",xylitol containing product that may be harmful or toxic for cat (adult) and should be avoided.,unsafe
cat,adult,avocado food,"avocado, additives",avocado containing product that may be harmful or toxic for cat (adult) and should be avoided.,unsafe
cat,adult,garlic food,"garlic, additives",garlic containing product that may be harmful or toxic for cat (adult) and should be avoided.,unsafe
cat,adult,onion food,"onion, additives",onion containing product that may be harmful or toxic for cat (adult) and should be avoided.,unsafe
cat,adult,chocolate food,"chocolate, additives",chocolate containing product that may be harmful or toxic for cat (adult) and should be avoided.,unsafe
cat,adult,chocolate food,"chocolate, additives",chocolate containing product that may be harmful or toxic for cat (adult) and should be avoided.,unsafe
cat,adult,chocolate food,"chocolate, additives",chocolate containing product that may be harmful or toxic for cat (adult) and should be avoided.,unsafe
cat,adult,garlic food,"garlic, additives",garlic containing product that may be harmful or toxic for cat (adult) and should be avoided.,unsafe
cat,adult,garlic food,"garlic, additives",garlic containing product that may be harmful or toxic for cat (adult) and should be avoided.,unsafe
cat,adult,ammonia food,"ammonia, additives",ammonia containing product that may be harmful or toxic for cat (adult) and should be avoided.,unsafe
cat,adult,xylitol food,"xylitol, additives",xylitol containing product that may be harmful or toxic for cat (adult) and should be avoided.,unsafe
cat,adult,onion food,"onion, additives",onion containing product that may be harmful or toxic for cat (adult) and should be avoided.,unsafe
cat,adult,onion food,"onion, additives",onion containing product that may be harmful or toxic for cat (adult) and should be avoided.,unsafe
cat,adult,alcohol food,"alcohol, additives",alcohol containing product that may be harmful or toxic for cat (adult) and should be avoided.,unsafe
cat,adult,xylitol food,"xylitol, additives",xylitol containing product that may be harmful or toxic for cat (adult) and should be avoided.,unsafe
cat,adult,detergent food,"detergent, additives",detergent containing product that may be harmful or toxic for cat (adult) and should be avoided.,unsafe
cat,adult,soap food,"soap, additives",soap containing product that may be harmful or toxic for cat (adult) and should be avoided.,unsafe
cat,adult,macadamia nuts food,"macadamia nuts, additives",macadamia nuts containing product that may be harmful or toxic for cat (adult) and should be avoided.,unsafe
cat,adult,detergent food,"detergent, additives",detergent containing product that may be harmful or toxic for cat (adult) and should be avoided.,unsafe
cat,adult,caffeine food,"caffeine, additives",caffeine containing product that may be harmful or toxic for cat (adult) and should be avoided.,unsafe
cat,adult,ammonia food,"ammonia, additives",ammonia containing product that may be harmful or toxic for cat (adult) and should be avoided.,unsafe
cat,adult,alcohol food,"alcohol, additives",alcohol containing product that may be harmful or toxic for cat (adult) and should be avoided.,unsafe
cat,adult,detergent food,"detergent, additives",detergent containing product that may be harmful or toxic for cat (adult) and should be avoided.,unsafe
cat,adult,alcohol food,"alcohol, additives",alcohol containing product that may be harmful or toxic for cat (adult) and should be avoided.,unsafe
cat,adult,soap food,"soap, additives",soap containing product that may be harmful or toxic for cat (adult) and should be avoided.,unsafe
cat,adult,xylitol food,"xylitol, additives",xylitol containing product that may be harmful or toxic for cat (adult) and should be avoided.,unsafe
cat,adult,macadamia nuts food,"macadamia nuts, additives",macadamia nuts containing product that may be harmful or toxic for cat (adult) and should be avoided.,unsafe
cat,adult,salt overdose food,"salt overdose, additives",salt overdose containing product that may be harmful or toxic for cat (adult) and should be avoided.,unsafe
cat,adult,grapes food,"grapes, additives",grapes containing product that may be harmful or toxic for cat (adult) and should be avoided.,unsafe
cat,adult,caffeine food,"caffeine, additives",caffeine containing product that may be harmful or toxic for cat (adult) and should be avoided.,unsafe
cat,adult,oil residue food,"oil residue, additives",oil residue containing product that may be harmful or toxic for cat (adult) and should be avoided.,unsafe
cat,adult,grapes food,"grapes, additives",grapes containing product that may be harmful or toxic for cat (adult) and should be avoided.,unsafe
cat,adult,chocolate food,"chocolate, additives",chocolate containing product that may be harmful or toxic for cat (adult) and should be avoided.,unsafe
cat,adult,avocado food,"avocado, additives",avocado containing product that may be harmful or toxic for cat (adult) and should be avoided.,unsafe
cat,adult,oil residue food,"oil residue, additives",oil residue containing product that may be harmful or toxic for cat (adult) and should be avoided.,unsafe
cat,adult,soap food,"soap, additives",soap containing product that may be harmful or toxic for cat (adult) and should be avoided.,unsafe
cat,adult,xylitol food,"xylitol, additives",xylitol containing product that may be harmful or toxic for cat (adult) and should be avoided.,unsafe
cat,adult,salt overdose food,"salt overdose, additives",salt overdose containing product that may be harmful or toxic for cat (adult) and should be avoided.,unsafe
cat,adult,ammonia food,"ammonia, additives",ammonia containing product that may be harmful or toxic for cat (adult) and should be avoided.,unsafe
cat,adult,xylitol food,"xylitol, additives",xylitol containing product that may be harmful or toxic for cat (adult) and should be avoided.,unsafe
bird,small,rice meal,"rice, vitamins, minerals",rice based nutritious meal suitable for bird (small) providing essential proteins vitamins and minerals.,safe
bird,small,pumpkin meal,"pumpkin, vitamins, minerals",pumpkin based nutritious meal suitable for bird (small) providing essential proteins vitamins and minerals.,safe
bird,small,lamb meal,"lamb, vitamins, minerals",lamb based nutritious meal suitable for bird (small) providing essential proteins vitamins and minerals.,safe
bird,small,pumpkin meal,"pumpkin, vitamins, minerals",pumpkin based nutritious meal suitable for bird (small) providing essential proteins vitamins and minerals.,safe
bird,small,pumpkin meal,"pumpkin, vitamins, minerals",pumpkin based nutritious meal suitable for bird (small) providing essential proteins vitamins and minerals.,safe
bird,small,shrimp meal,"shrimp, vitamins, minerals",shrimp based nutritious meal suitable for bird (small) providing essential proteins vitamins and minerals.,safe
bird,small,shrimp meal,"shrimp, vitamins, minerals",shrimp based nutritious meal suitable for bird (small) providing essential proteins vitamins and minerals.,safe
bird,small,millet meal,"millet, vitamins, minerals",millet based nutritious meal suitable for bird (small) providing essential proteins vitamins and minerals.,safe
bird,small,oats meal,"oats, vitamins, minerals",oats based nutritious meal suitable for bird (small) providing essential proteins vitamins and minerals.,safe
bird,small,chicken meal,"chicken, vitamins, minerals",chicken based nutritious meal suitable for bird (small) providing essential proteins vitamins and minerals.,safe
bird,small,duck meal,"duck, vitamins, minerals",duck based nutritious meal suitable for bird (small) providing essential proteins vitamins and minerals.,safe
bird,small,tuna meal,"tuna, vitamins, minerals",tuna based nutritious meal suitable for bird (small) providing essential proteins vitamins and minerals.,safe
bird,small,carrot meal,"carrot, vitamins, minerals",carrot based nutritious meal suitable for bird (small) providing essential proteins vitamins and minerals.,safe
bird,small,sweet potato meal,"sweet potato, vitamins, minerals",sweet potato based nutritious meal suitable for bird (small) providing essential proteins vitamins and minerals.,safe
bird,small,carrot meal,"carrot, vitamins, minerals",carrot based nutritious meal suitable for bird (small) providing essential proteins vitamins and minerals.,safe
bird,small,fish meal meal,"fish meal, vitamins, minerals",fish meal based nutritious meal suitable for bird (small) providing essential proteins vitamins and minerals.,safe
bird,small,peas meal,"peas, vitamins, minerals",peas based nutritious meal suitable for bird (small) providing essential proteins vitamins and minerals.,safe
bird,small,carrot meal,"carrot, vitamins, minerals",carrot based nutritious meal suitable for bird (small) providing essential proteins vitamins and minerals.,safe
bird,small,rice meal,"rice, vitamins, minerals",rice based nutritious meal suitable for bird (small) providing essential proteins vitamins and minerals.,safe
bird,small,spinach meal,"spinach, vitamins, minerals",spinach based nutritious meal suitable for bird (small) providing essential proteins vitamins and minerals.,safe
bird,small,turkey meal,"turkey, vitamins, minerals",turkey based nutritious meal suitable for bird (small) providing essential proteins vitamins and minerals.,safe
bird,small,pumpkin meal,"pumpkin, vitamins, minerals",pumpkin based nutritious meal suitable for bird (small) providing essential proteins vitamins and minerals.,safe
bird,small,duck meal,"duck, vitamins, minerals",duck based nutritious meal suitable for bird (small) providing essential proteins vitamins and minerals.,safe
bird,small,broccoli meal,"broccoli, vitamins, minerals",broccoli based nutritious meal suitable for bird (small) providing essential proteins vitamins and minerals.,safe
bird,small,duck meal,"duck, vitamins, minerals",duck based nutritious meal suitable for bird (small) providing essential proteins vitamins and minerals.,safe
bird,small,lamb meal,"lamb, vitamins, minerals",lamb based nutritious meal suitable for bird (small) providing essential proteins vitamins and minerals.,safe
bird,small,shrimp meal,"shrimp, vitamins, minerals",shrimp based nutritious meal suitable for bird (small) providing essential proteins vitamins and minerals.,safe
bird,small,sunflower seeds meal,"sunflower seeds, vitamins, minerals",sunflower seeds based nutritious meal suitable for bird (small) providing essential proteins vitamins and minerals.,safe
bird,small,millet meal,"millet, vitamins, minerals",millet based nutritious meal suitable for bird (small) providing essential proteins vitamins and minerals.,safe
bird,small,rice meal,"rice, vitamins, minerals",rice based nutritious meal suitable for bird (small) providing essential proteins vitamins and minerals.,safe
bird,small,duck meal,"duck, vitamins, minerals",duck based nutritious meal suitable for bird (small) providing essential proteins vitamins and minerals.,safe
bird,small,oats meal,"oats, vitamins, minerals",oats based nutritious meal suitable for bird (small) providing essential proteins vitamins and minerals.,safe
bird,small,fish meal meal,"fish meal, vitamins, minerals",fish meal based nutritious meal suitable for bird (small) providing essential proteins vitamins and minerals.,safe
bird,small,fish meal meal,"fish meal, vitamins, minerals",fish meal based nutritious meal suitable for bird (small) providing essential proteins vitamins and minerals.,safe
bird,small,brown rice meal,"brown rice, vitamins, minerals",brown rice based nutritious meal suitable for bird (small) providing essential proteins vitamins and minerals.,safe
bird,small,pumpkin meal,"pumpkin, vitamins, minerals",pumpkin based nutritious meal suitable for bird (small) providing essential proteins vitamins and minerals.,safe
bird,small,oats meal,"oats, vitamins, minerals",oats based nutritious meal suitable for bird (small) providing essential proteins vitamins and minerals.,safe
bird,small,carrot meal,"carrot, vitamins, minerals",carrot based nutritious meal suitable for bird (small) providing essential proteins vitamins and minerals.,safe
bird,small,carrot meal,"carrot, vitamins, minerals",carrot based nutritious meal suitable for bird (small) providing essential proteins vitamins and minerals.,safe
bird,small,pumpkin meal,"pumpkin, vitamins, minerals",pumpkin based nutritious meal suitable for bird (small) providing essential proteins vitamins and minerals.,safe
bird,small,turkey meal,"turkey, vitamins, minerals",turkey based nutritious meal suitable for bird (small) providing essential proteins vitamins and minerals.,safe
bird,small,sunflower seeds meal,"sunflower seeds, vitamins, minerals",sunflower seeds based nutritious meal suitable for bird (small) providing essential proteins vitamins and minerals.,safe
bird,small,fish meal meal,"fish meal, vitamins, minerals",fish meal based nutritious meal suitable for bird (small) providing essential proteins vitamins and minerals.,safe
bird,small,spinach meal,"spinach, vitamins, minerals",spinach based nutritious meal suitable for bird (small) providing essential proteins vitamins and minerals.,safe
bird,small,pumpkin meal,"pumpkin, vitamins, minerals",pumpkin based nutritious meal suitable for bird (small) providing essential proteins vitamins and minerals.,safe
bird,small,turkey meal,"turkey, vitamins, minerals",turkey based nutritious meal suitable for bird (small) providing essential proteins vitamins and minerals.,safe
bird,small,egg meal,"egg, vitamins, minerals",egg based nutritious meal suitable for bird (small) providing essential proteins vitamins and minerals.,safe
bird,small,salmon meal,"salmon, vitamins, minerals",salmon based nutritious meal suitable for bird (small) providing essential proteins vitamins and minerals.,safe
bird,small,lamb meal,"lamb, vitamins, minerals",lamb based nutritious meal suitable for bird (small) providing essential proteins vitamins and minerals.,safe
bird,small,peas meal,"peas, vitamins, minerals",peas based nutritious meal suitable for bird (small) providing essential proteins vitamins and minerals.,safe
bird,small,oats meal,"oats, vitamins, minerals",oats based nutritious meal suitable for bird (small) providing essential proteins vitamins and minerals.,safe
bird,small,fish meal meal,"fish meal, vitamins, minerals",fish meal based nutritious meal suitable for bird (small) providing essential proteins vitamins and minerals.,safe
bird,small,duck meal,"duck, vitamins, minerals",duck based nutritious meal suitable for bird (small) providing essential proteins vitamins and minerals.,safe
bird,small,lamb meal,"lamb, vitamins, minerals",lamb based nutritious meal suitable for bird (small) providing essential proteins vitamins and minerals.,safe
bird,small,peas meal,"peas, vitamins, minerals",peas based nutritious meal suitable for bird (small) providing essential proteins vitamins and minerals.,safe
bird,small,shrimp meal,"shrimp, vitamins, minerals",shrimp based nutritious meal suitable for bird (small) providing essential proteins vitamins and minerals.,safe
bird,small,sweet potato meal,"sweet potato, vitamins, minerals",sweet potato based nutritious meal suitable for bird (small) providing essential proteins vitamins and minerals.,safe
bird,small,salmon meal,"salmon, vitamins, minerals",salmon based nutritious meal suitable for bird (small) providing essential proteins vitamins and minerals.,safe
bird,small,oats meal,"oats, vitamins, minerals",oats based nutritious meal suitable for bird (small) providing essential proteins vitamins and minerals.,safe
bird,small,millet meal,"millet, vitamins, minerals",millet based nutritious meal suitable for bird (small) providing essential proteins vitamins and minerals.,safe
bird,small,egg meal,"egg, vitamins, minerals",egg based nutritious meal suitable for bird (small) providing essential proteins vitamins and minerals.,safe
bird,small,salmon meal,"salmon, vitamins, minerals",salmon based nutritious meal suitable for bird (small) providing essential proteins vitamins and minerals.,safe
bird,small,rice meal,"rice, vitamins, minerals",rice based nutritious meal suitable for bird (small) providing essential proteins vitamins and minerals.,safe
bird,small,salmon meal,"salmon, vitamins, minerals",salmon based nutritious meal suitable for bird (small) providing essential proteins vitamins and minerals.,safe
bird,small,sweet potato meal,"sweet potato, vitamins, minerals",sweet potato based nutritious meal suitable for bird (small) providing essential proteins vitamins and minerals.,safe
bird,small,chicken meal,"chicken, vitamins, minerals",chicken based nutritious meal suitable for bird (small) providing essential proteins vitamins and minerals.,safe
bird,small,brown rice meal,"brown rice, vitamins, minerals",brown rice based nutritious meal suitable for bird (small) providing essential proteins vitamins and minerals.,safe
bird,small,sweet potato meal,"sweet potato, vitamins, minerals",sweet potato based nutritious meal suitable for bird (small) providing essential proteins vitamins and minerals.,safe
bird,small,rice meal,"rice, vitamins, minerals",rice based nutritious meal suitable for bird (small) providing essential proteins vitamins and minerals.,safe
bird,small,peas meal,"peas, vitamins, minerals",peas based nutritious meal suitable for bird (small) providing essential proteins vitamins and minerals.,safe
bird,small,chicken meal,"chicken, vitamins, minerals",chicken based nutritious meal suitable for bird (small) providing essential proteins vitamins and minerals.,safe
bird,small,shrimp meal,"shrimp, vitamins, minerals",shrimp based nutritious meal suitable for bird (small) providing essential proteins vitamins and minerals.,safe
bird,small,spinach meal,"spinach, vitamins, minerals",spinach based nutritious meal suitable for bird (small) providing essential proteins vitamins and minerals.,safe
bird,small,oats meal,"oats, vitamins, minerals",oats based nutritious meal suitable for bird (small) providing essential proteins vitamins and minerals.,safe
bird,small,broccoli meal,"broccoli, vitamins, minerals",broccoli based nutritious meal suitable for bird (small) providing essential proteins vitamins and minerals.,safe
bird,small,fish meal meal,"fish meal, vitamins, minerals",fish meal based nutritious meal suitable for bird (small) providing essential proteins vitamins and minerals.,safe
bird,small,peas meal,"peas, vitamins, minerals",peas based nutritious meal suitable for bird (small) providing essential proteins vitamins and minerals.,safe
bird,small,rice meal,"rice, vitamins, minerals",rice based nutritious meal suitable for bird (small) providing essential proteins vitamins and minerals.,safe
bird,small,pumpkin meal,"pumpkin, vitamins, minerals",pumpkin based nutritious meal suitable for bird (small) providing essential proteins vitamins and minerals.,safe
bird,small,peas meal,"peas, vitamins, minerals",peas based nutritious meal suitable for bird (small) providing essential proteins vitamins and minerals.,safe
bird,small,millet meal,"millet, vitamins, minerals",millet based nutritious meal suitable for bird (small) providing essential proteins vitamins and minerals.,safe
bird,small,chicken meal,"chicken, vitamins, minerals",chicken based nutritious meal suitable for bird (small) providing essential proteins vitamins and minerals.,safe
bird,small,shrimp meal,"shrimp, vitamins, minerals",shrimp based nutritious meal suitable for bird (small) providing essential proteins vitamins and minerals.,safe
bird,small,carrot meal,"carrot, vitamins, minerals",carrot based nutritious meal suitable for bird (small) providing essential proteins vitamins and minerals.,safe
bird,small,pumpkin meal,"pumpkin, vitamins, minerals",pumpkin based nutritious meal suitable for bird (small) providing essential proteins vitamins and minerals.,safe
bird,small,brown rice meal,"brown rice, vitamins, minerals",brown rice based nutritious meal suitable for bird (small) providing essential proteins vitamins and minerals.,safe
bird,small,tuna meal,"tuna, vitamins, minerals",tuna based nutritious meal suitable for bird (small) providing essential proteins vitamins and minerals.,safe
bird,small,shrimp meal,"shrimp, vitamins, minerals",shrimp based nutritious meal suitable for bird (small) providing essential proteins vitamins and minerals.,safe
bird,small,tuna meal,"tuna, vitamins, minerals",tuna based nutritious meal suitable for bird (small) providing essential proteins vitamins and minerals.,safe
bird,small,oats meal,"oats, vitamins, minerals",oats based nutritious meal suitable for bird (small) providing essential proteins vitamins and minerals.,safe
bird,small,sweet potato meal,"sweet potato, vitamins, minerals",sweet potato based nutritious meal suitable for bird (small) providing essential proteins vitamins and minerals.,safe
bird,small,fish meal meal,"fish meal, vitamins, minerals",fish meal based nutritious meal suitable for bird (small) providing essential proteins vitamins and minerals.,safe
bird,small,brown rice meal,"brown rice, vitamins, minerals",brown rice based nutritious meal suitable for bird (small) providing essential proteins vitamins and minerals.,safe
bird,small,pumpkin meal,"pumpkin, vitamins, minerals",pumpkin based nutritious meal suitable for bird (small) providing essential proteins vitamins and minerals.,safe
bird,small,carrot meal,"carrot, vitamins, minerals",carrot based nutritious meal suitable for bird (small) providing essential proteins vitamins and minerals.,safe
bird,small,turkey meal,"turkey, vitamins, minerals",turkey based nutritious meal suitable for bird (small) providing essential proteins vitamins and minerals.,safe
bird,small,carrot meal,"carrot, vitamins, minerals",carrot based nutritious meal suitable for bird (small) providing essential proteins vitamins and minerals.,safe
bird,small,egg meal,"egg, vitamins, minerals",egg based nutritious meal suitable for bird (small) providing essential proteins vitamins and minerals.,safe
bird,small,oats meal,"oats, vitamins, minerals",oats based nutritious meal suitable for bird (small) providing essential proteins vitamins and minerals.,safe
bird,small,rice meal,"rice, vitamins, minerals",rice based nutritious meal suitable for bird (small) providing essential proteins vitamins and minerals.,safe
bird,small,soybean snack,"soybean, wheat, corn",soybean based food occasionally acceptable for bird (small) but should be given in limited quantities.,moderate
bird,small,peanut butter snack,"peanut butter, wheat, corn",peanut butter based food occasionally acceptable for bird (small) but should be given in limited quantities.,moderate
bird,small,banana snack,"banana, wheat, corn",banana based food occasionally acceptable for bird (small) but should be given in limited quantities.,moderate
bird,small,apple snack,"apple, wheat, corn",apple based food occasionally acceptable for bird (small) but should be given in limited quantities.,moderate
bird,small,barley snack,"barley, wheat, corn",barley based food occasionally acceptable for bird (small) but should be given in limited quantities.,moderate
bird,small,soybean snack,"soybean, wheat, corn",soybean based food occasionally acceptable for bird (small) but should be given in limited quantities.,moderate
bird,small,banana snack,"banana, wheat, corn",banana based food occasionally acceptable for bird (small) but should be given in limited quantities.,moderate
bird,small,banana snack,"banana, wheat, corn",banana based food occasionally acceptable for bird (small) but should be given in limited quantities.,moderate
bird,small,soybean snack,"soybean, wheat, corn",soybean based food occasionally acceptable for bird (small) but should be given in limited quantities.,moderate
bird,small,soybean snack,"soybean, wheat, corn",soybean based food occasionally acceptable for bird (small) but should be given in limited quantities.,moderate
bird,small,potato snack,"potato, wheat, corn",potato based food occasionally acceptable for bird (small) but should be given in limited quantities.,moderate
bird,small,milk snack,"milk, wheat, corn",milk based food occasionally acceptable for bird (small) but should be given in limited quantities.,moderate
bird,small,apple snack,"apple, wheat, corn",apple based food occasionally acceptable for bird (small) but should be given in limited quantities.,moderate
bird,small,barley snack,"barley, wheat, corn",barley based food occasionally acceptable for bird (small) but should be given in limited quantities.,moderate
bird,small,milk snack,"milk, wheat, corn",milk based food occasionally acceptable for bird (small) but should be given in limited quantities.,moderate
bird,small,banana snack,"banana, wheat, corn",banana based food occasionally acceptable for bird (small) but should be given in limited quantities.,moderate
bird,small,coconut snack,"coconut, wheat, corn",coconut based food occasionally acceptable for bird (small) but should be given in limited quantities.,moderate
bird,small,potato snack,"potato, wheat, corn",potato based food occasionally acceptable for bird (small) but should be given in limited quantities.,moderate
bird,small,wheat snack,"wheat, wheat, corn",wheat based food occasionally acceptable for bird (small) but should be given in limited quantities.,moderate
bird,small,peanut butter snack,"peanut butter, wheat, corn",peanut butter based food occasionally acceptable for bird (small) but should be given in limited quantities.,moderate
bird,small,bread snack,"bread, wheat, corn",bread based food occasionally acceptable for bird (small) but should be given in limited quantities.,moderate
bird,small,peanut butter snack,"peanut butter, wheat, corn",peanut butter based food occasionally acceptable for bird (small) but should be given in limited quantities.,moderate
bird,small,cheese snack,"cheese, wheat, corn",cheese based food occasionally acceptable for bird (small) but should be given in limited quantities.,moderate
bird,small,yogurt snack,"yogurt, wheat, corn",yogurt based food occasionally acceptable for bird (small) but should be given in limited quantities.,moderate
bird,small,cheese snack,"cheese, wheat, corn",cheese based food occasionally acceptable for bird (small) but should be given in limited quantities.,moderate
bird,small,wheat snack,"wheat, wheat, corn",wheat based food occasionally acceptable for bird (small) but should be given in limited quantities.,moderate
bird,small,cheese snack,"cheese, wheat, corn",cheese based food occasionally acceptable for bird (small) but should be given in limited quantities.,moderate
bird,small,banana snack,"banana, wheat, corn",banana based food occasionally acceptable for bird (small) but should be given in limited quantities.,moderate
bird,small,apple snack,"apple, wheat, corn",apple based food occasionally acceptable for bird (small) but should be given in limited quantities.,moderate
bird,small,mango snack,"mango, wheat, corn",mango based food occasionally acceptable for bird (small) but should be given in limited quantities.,moderate
bird,small,potato snack,"potato, wheat, corn",potato based food occasionally acceptable for bird (small) but should be given in limited quantities.,moderate
bird,small,apple snack,"apple, wheat, corn",apple based food occasionally acceptable for bird (small) but should be given in limited quantities.,moderate
bird,small,barley snack,"barley, wheat, corn",barley based food occasionally acceptable for bird (small) but should be given in limited quantities.,moderate
bird,small,apple snack,"apple, wheat, corn",apple based food occasionally acceptable for bird (small) but should be given in limited quantities.,moderate
bird,small,barley snack,"barley, wheat, corn",barley based food occasionally acceptable for bird (small) but should be given in limited quantities.,moderate
bird,small,cheese snack,"cheese, wheat, corn",cheese based food occasionally acceptable for bird (small) but should be given in limited quantities.,moderate
bird,small,banana snack,"banana, wheat, corn",banana based food occasionally acceptable for bird (small) but should be given in limited quantities.,moderate
bird,small,yogurt snack,"yogurt, wheat, corn",yogurt based food occasionally acceptable for bird (small) but should be given in limited quantities.,moderate
bird,small,barley snack,"barley, wheat, corn",barley based food occasionally acceptable for bird (small) but should be given in limited quantities.,moderate
bird,small,honey snack,"honey, wheat, corn",honey based food occasionally acceptable for bird (small) but should be given in limited quantities.,moderate
bird,small,wheat snack,"wheat, wheat, corn",wheat based food occasionally acceptable for bird (small) but should be given in limited quantities.,moderate
bird,small,bread snack,"bread, wheat, corn",bread based food occasionally acceptable for bird (small) but should be given in limited quantities.,moderate
bird,small,potato snack,"potato, wheat, corn",potato based food occasionally acceptable for bird (small) but should be given in limited quantities.,moderate
bird,small,potato snack,"potato, wheat, corn",potato based food occasionally acceptable for bird (small) but should be given in limited quantities.,moderate
bird,small,wheat snack,"wheat, wheat, corn",wheat based food occasionally acceptable for bird (small) but should be given in limited quantities.,moderate
bird,small,peanut butter snack,"peanut butter, wheat, corn",peanut butter based food occasionally acceptable for bird (small) but should be given in limited quantities.,moderate
bird,small,mango snack,"mango, wheat, corn",mango based food occasionally acceptable for bird (small) but should be given in limited quantities.,moderate
bird,small,soybean snack,"soybean, wheat, corn",soybean based food occasionally acceptable for bird (small) but should be given in limited quantities.,moderate
bird,small,mango snack,"mango, wheat, corn",mango based food occasionally acceptable for bird (small) but should be given in limited quantities.,moderate
bird,small,yogurt snack,"yogurt, wheat, corn",yogurt based food occasionally acceptable for bird (small) but should be given in limited quantities.,moderate
bird,small,banana snack,"banana, wheat, corn",banana based food occasionally acceptable for bird (small) but should be given in limited quantities.,moderate
bird,small,soybean snack,"soybean, wheat, corn",soybean based food occasionally acceptable for bird (small) but should be given in limited quantities.,moderate
bird,small,apple snack,"apple, wheat, corn",apple based food occasionally acceptable for bird (small) but should be given in limited quantities.,moderate
bird,small,banana snack,"banana, wheat, corn",banana based food occasionally acceptable for bird (small) but should be given in limited quantities.,moderate
bird,small,corn snack,"corn, wheat, corn",corn based food occasionally acceptable for bird (small) but should be given in limited quantities.,moderate
bird,small,apple snack,"apple, wheat, corn",apple based food occasionally acceptable for bird (small) but should be given in limited quantities.,moderate
bird,small,cheese snack,"cheese, wheat, corn",cheese based food occasionally acceptable for bird (small) but should be given in limited quantities.,moderate
bird,small,barley snack,"barley, wheat, corn",barley based food occasionally acceptable for bird (small) but should be given in limited quantities.,moderate
bird,small,barley snack,"barley, wheat, corn",barley based food occasionally acceptable for bird (small) but should be given in limited quantities.,moderate
bird,small,yogurt snack,"yogurt, wheat, corn",yogurt based food occasionally acceptable for bird (small) but should be given in limited quantities.,moderate
bird,small,milk snack,"milk, wheat, corn",milk based food occasionally acceptable for bird (small) but should be given in limited quantities.,moderate
bird,small,wheat snack,"wheat, wheat, corn",wheat based food occasionally acceptable for bird (small) but should be given in limited quantities.,moderate
bird,small,peanut butter snack,"peanut butter, wheat, corn",peanut butter based food occasionally acceptable for bird (small) but should be given in limited quantities.,moderate
bird,small,mango snack,"mango, wheat, corn",mango based food occasionally acceptable for bird (small) but should be given in limited quantities.,moderate
bird,small,soybean snack,"soybean, wheat, corn",soybean based food occasionally acceptable for bird (small) but should be given in limited quantities.,moderate
bird,small,corn snack,"corn, wheat, corn",corn based food occasionally acceptable for bird (small) but should be given in limited quantities.,moderate
bird,small,bread snack,"bread, wheat, corn",bread based food occasionally acceptable for bird (small) but should be given in limited quantities.,moderate
bird,small,mango snack,"mango, wheat, corn",mango based food occasionally acceptable for bird (small) but should be given in limited quantities.,moderate
bird,small,cheese snack,"cheese, wheat, corn",cheese based food occasionally acceptable for bird (small) but should be given in limited quantities.,moderate
bird,small,barley snack,"barley, wheat, corn",barley based food occasionally acceptable for bird (small) but should be given in limited quantities.,moderate
bird,small,bread snack,"bread, wheat, corn",bread based food occasionally acceptable for bird (small) but should be given in limited quantities.,moderate
bird,small,potato snack,"potato, wheat, corn",potato based food occasionally acceptable for bird (small) but should be given in limited quantities.,moderate
bird,small,banana snack,"banana, wheat, corn",banana based food occasionally acceptable for bird (small) but should be given in limited quantities.,moderate
bird,small,honey snack,"honey, wheat, corn",honey based food occasionally acceptable for bird (small) but should be given in limited quantities.,moderate
bird,small,banana snack,"banana, wheat, corn",banana based food occasionally acceptable for bird (small) but should be given in limited quantities.,moderate
bird,small,corn snack,"corn, wheat, corn",corn based food occasionally acceptable for bird (small) but should be given in limited quantities.,moderate
bird,small,yogurt snack,"yogurt, wheat, corn",yogurt based food occasionally acceptable for bird (small) but should be given in limited quantities.,moderate
bird,small,barley snack,"barley, wheat, corn",barley based food occasionally acceptable for bird (small) but should be given in limited quantities.,moderate
bird,small,peanut butter snack,"peanut butter, wheat, corn",peanut butter based food occasionally acceptable for bird (small) but should be given in limited quantities.,moderate
bird,small,wheat snack,"wheat, wheat, corn",wheat based food occasionally acceptable for bird (small) but should be given in limited quantities.,moderate
bird,small,peanut butter snack,"peanut butter, wheat, corn",peanut butter based food occasionally acceptable for bird (small) but should be given in limited quantities.,moderate
bird,small,yogurt snack,"yogurt, wheat, corn",yogurt based food occasionally acceptable for bird (small) but should be given in limited quantities.,moderate
bird,small,soybean snack,"soybean, wheat, corn",soybean based food occasionally acceptable for bird (small) but should be given in limited quantities.,moderate
bird,small,banana snack,"banana, wheat, corn",banana based food occasionally acceptable for bird (small) but should be given in limited quantities.,moderate
bird,small,milk snack,"milk, wheat, corn",milk based food occasionally acceptable for bird (small) but should be given in limited quantities.,moderate
bird,small,barley snack,"barley, wheat, corn",barley based food occasionally acceptable for bird (small) but should be given in limited quantities.,moderate
bird,small,wheat snack,"wheat, wheat, corn",wheat based food occasionally acceptable for bird (small) but should be given in limited quantities.,moderate
bird,small,peanut butter snack,"peanut butter, wheat, corn",peanut butter based food occasionally acceptable for bird (small) but should be given in limited quantities.,moderate
bird,small,milk snack,"milk, wheat, corn",milk based food occasionally acceptable for bird (small) but should be given in limited quantities.,moderate
bird,small,bread snack,"bread, wheat, corn",bread based food occasionally acceptable for bird (small) but should be given in limited quantities.,moderate
bird,small,banana snack,"banana, wheat, corn",banana based food occasionally acceptable for bird (small) but should be given in limited quantities.,moderate
bird,small,yogurt snack,"yogurt, wheat, corn",yogurt based food occasionally acceptable for bird (small) but should be given in limited quantities.,moderate
bird,small,potato snack,"potato, wheat, corn",potato based food occasionally acceptable for bird (small) but should be given in limited quantities.,moderate
bird,small,barley snack,"barley, wheat, corn",barley based food occasionally acceptable for bird (small) but should be given in limited quantities.,moderate
bird,small,corn snack,"corn, wheat, corn",corn based food occasionally acceptable for bird (small) but should be given in limited quantities.,moderate
bird,small,coconut snack,"coconut, wheat, corn",coconut based food occasionally acceptable for bird (small) but should be given in limited quantities.,moderate
bird,small,corn snack,"corn, wheat, corn",corn based food occasionally acceptable for bird (small) but should be given in limited quantities.,moderate
bird,small,barley snack,"barley, wheat, corn",barley based food occasionally acceptable for bird (small) but should be given in limited quantities.,moderate
bird,small,apple snack,"apple, wheat, corn",apple based food occasionally acceptable for bird (small) but should be given in limited quantities.,moderate
bird,small,bread snack,"bread, wheat, corn",bread based food occasionally acceptable for bird (small) but should be given in limited quantities.,moderate
bird,small,garlic food,"garlic, additives",garlic containing product that may be harmful or toxic for bird (small) and should be avoided.,unsafe
bird,small,chocolate food,"chocolate, additives",chocolate containing product that may be harmful or toxic for bird (small) and should be avoided.,unsafe
bird,small,macadamia nuts food,"macadamia nuts, additives",macadamia nuts containing product that may be harmful or toxic for bird (small) and should be avoided.,unsafe
bird,small,chocolate food,"chocolate, additives",chocolate containing product that may be harmful or toxic for bird (small) and should be avoided.,unsafe
bird,small,onion food,"onion, additives",onion containing product that may be harmful or toxic for bird (small) and should be avoided.,unsafe
bird,small,detergent food,"detergent, additives",detergent containing product that may be harmful or toxic for bird (small) and should be avoided.,unsafe
bird,small,soap food,"soap, additives",soap containing product that may be harmful or toxic for bird (small) and should be avoided.,unsafe
bird,small,ammonia food,"ammonia, additives",ammonia containing product that may be harmful or toxic for bird (small) and should be avoided.,unsafe
bird,small,detergent food,"detergent, additives",detergent containing product that may be harmful or toxic for bird (small) and should be avoided.,unsafe
bird,small,chocolate food,"chocolate, additives",chocolate containing product that may be harmful or toxic for bird (small) and should be avoided.,unsafe
bird,small,xylitol food,"xylitol, additives",xylitol containing product that may be harmful or toxic for bird (small) and should be avoided.,unsafe
bird,small,onion food,"onion, additives",onion containing product that may be harmful or toxic for bird (small) and should be avoided.,unsafe
bird,small,raisins food,"raisins, additives",raisins containing product that may be harmful or toxic for bird (small) and should be avoided.,unsafe
bird,small,grapes food,"grapes, additives",grapes containing product that may be harmful or toxic for bird (small) and should be avoided.,unsafe
bird,small,ammonia food,"ammonia, additives",ammonia containing product that may be harmful or toxic for bird (small) and should be avoided.,unsafe
bird,small,oil residue food,"oil residue, additives",oil residue containing product that may be harmful or toxic for bird (small) and should be avoided.,unsafe
bird,small,alcohol food,"alcohol, additives",alcohol containing product that may be harmful or toxic for bird (small) and should be avoided.,unsafe
bird,small,ammonia food,"ammonia, additives",ammonia containing product that may be harmful or toxic for bird (small) and should be avoided.,unsafe
bird,small,onion food,"onion, additives",onion containing product that may be harmful or toxic for bird (small) and should be avoided.,unsafe
bird,small,detergent food,"detergent, additives",detergent containing product that may be harmful or toxic for bird (small) and should be avoided.,unsafe
bird,small,chocolate food,"chocolate, additives",chocolate containing product that may be harmful or toxic for bird (small) and should be avoided.,unsafe
bird,small,caffeine food,"caffeine, additives",caffeine containing product that may be harmful or toxic for bird (small) and should be avoided.,unsafe
bird,small,soap food,"soap, additives",soap containing product that may be harmful or toxic for bird (small) and should be avoided.,unsafe
bird,small,salt overdose food,"salt overdose, additives",salt overdose containing product that may be harmful or toxic for bird (small) and should be avoided.,unsafe
bird,small,garlic food,"garlic, additives",garlic containing product that may be harmful or toxic for bird (small) and should be avoided.,unsafe
bird,small,macadamia nuts food,"macadamia nuts, additives",macadamia nuts containing product that may be harmful or toxic for bird (small) and should be avoided.,unsafe
bird,small,onion food,"onion, additives",onion containing product that may be harmful or toxic for bird (small) and should be avoided.,unsafe
bird,small,salt overdose food,"salt overdose, additives",salt overdose containing product that may be harmful or toxic for bird (small) and should be avoided.,unsafe
bird,small,avocado food,"avocado, additives",avocado containing product that may be harmful or toxic for bird (small) and should be avoided.,unsafe
bird,small,onion food,"onion, additives",onion containing product that may be harmful or toxic for bird (small) and should be avoided.,unsafe
bird,small,soap food,"soap, additives",soap containing product that may be harmful or toxic for bird (small) and should be avoided.,unsafe
bird,small,alcohol food,"alcohol, additives",alcohol containing product that may be harmful or toxic for bird (small) and should be avoided.,unsafe
bird,small,onion food,"onion, additives",onion containing product that may be harmful or toxic for bird (small) and should be avoided.,unsafe
bird,small,raisins food,"raisins, additives",raisins containing product that may be harmful or toxic for bird (small) and should be avoided.,unsafe
bird,small,chocolate food,"chocolate, additives",chocolate containing product that may be harmful or toxic for bird (small) and should be avoided.,unsafe
bird,small,salt overdose food,"salt overdose, additives",salt overdose containing product that may be harmful or toxic for bird (small) and should be avoided.,unsafe
bird,small,onion food,"onion, additives",onion containing product that may be harmful or toxic for bird (small) and should be avoided.,unsafe
bird,small,onion food,"onion, additives",onion containing product that may be harmful or toxic for bird (small) and should be avoided.,unsafe
bird,small,soap food,"soap, additives",soap containing product that may be harmful or toxic for bird (small) and should be avoided.,unsafe
bird,small,alcohol food,"alcohol, additives",alcohol containing product that may be harmful or toxic for bird (small) and should be avoided.,unsafe
bird,small,onion food,"onion, additives",onion containing product that may be harmful or toxic for bird (small) and should be avoided.,unsafe
bird,small,ammonia food,"ammonia, additives",ammonia containing product that may be harmful or toxic for bird (small) and should be avoided.,unsafe
bird,small,ammonia food,"ammonia, additives",ammonia containing product that may be harmful or toxic for bird (small) and should be avoided.,unsafe
bird,small,detergent food,"detergent, additives",detergent containing product that may be harmful or toxic for bird (small) and should be avoided.,unsafe
bird,small,raisins food,"raisins, additives",raisins containing product that may be harmful or toxic for bird (small) and should be avoided.,unsafe
bird,small,soap food,"soap, additives",soap containing product that may be harmful or toxic for bird (small) and should be avoided.,unsafe
bird,small,macadamia nuts food,"macadamia nuts, additives",macadamia nuts containing product that may be harmful or toxic for bird (small) and should be avoided.,unsafe
bird,small,ammonia food,"ammonia, additives",ammonia containing product that may be harmful or toxic for bird (small) and should be avoided.,unsafe
bird,small,ammonia food,"ammonia, additives",ammonia containing product that may be harmful or toxic for bird (small) and should be avoided.,unsafe
bird,small,avocado food,"avocado, additives",avocado containing product that may be harmful or toxic for bird (small) and should be avoided.,unsafe
bird,small,soap food,"soap, additives",soap containing product that may be harmful or toxic for bird (small) and should be avoided.,unsafe
bird,small,xylitol food,"xylitol, additives",xylitol containing product that may be harmful or toxic for bird (small) and should be avoided.,unsafe
bird,small,oil residue food,"oil residue, additives",oil residue containing product that may be harmful or toxic for bird (small) and should be avoided.,unsafe
bird,small,macadamia nuts food,"macadamia nuts, additives",macadamia nuts containing product that may be harmful or toxic for bird (small) and should be avoided.,unsafe
bird,small,chocolate food,"chocolate, additives",chocolate containing product that may be harmful or toxic for bird (small) and should be avoided.,unsafe
bird,small,macadamia nuts food,"macadamia nuts, additives",macadamia nuts containing product that may be harmful or toxic for bird (small) and should be avoided.,unsafe
bird,small,salt overdose food,"salt overdose, additives",salt overdose containing product that may be harmful or toxic for bird (small) and should be avoided.,unsafe
bird,small,alcohol food,"alcohol, additives",alcohol containing product that may be harmful or toxic for bird (small) and should be avoided.,unsafe
bird,small,oil residue food,"oil residue, additives",oil residue containing product that may be harmful or toxic for bird (small) and should be avoided.,unsafe
bird,small,garlic food,"garlic, additives",garlic containing product that may be harmful or toxic for bird (small) and should be avoided.,unsafe
bird,small,soap food,"soap, additives",soap containing product that may be harmful or toxic for bird (small) and should be avoided.,unsafe
bird,small,salt overdose food,"salt overdose, additives",salt overdose containing product that may be harmful or toxic for bird (small) and should be avoided.,unsafe
bird,small,alcohol food,"alcohol, additives",alcohol containing product that may be harmful or toxic for bird (small) and should be avoided.,unsafe
bird,small,onion food,"onion, additives",onion containing product that may be harmful or toxic for bird (small) and should be avoided.,unsafe
bird,small,ammonia food,"ammonia, additives",ammonia containing product that may be harmful or toxic for bird (small) and should be avoided.,unsafe
bird,small,caffeine food,"caffeine, additives",caffeine containing product that may be harmful or toxic for bird (small) and should be avoided.,unsafe
bird,small,caffeine food,"caffeine, additives",caffeine containing product that may be harmful or toxic for bird (small) and should be avoided.,unsafe
bird,small,grapes food,"grapes, additives",grapes containing product that may be harmful or toxic for bird (small) and should be avoided.,unsafe
bird,small,macadamia nuts food,"macadamia nuts, additives",macadamia nuts containing product that may be harmful or toxic for bird (small) and should be avoided.,unsafe
bird,small,caffeine food,"caffeine, additives",caffeine containing product that may be harmful or toxic for bird (small) and should be avoided.,unsafe
bird,small,avocado food,"avocado, additives",avocado containing product that may be harmful or toxic for bird (small) and should be avoided.,unsafe
bird,small,ammonia food,"ammonia, additives",ammonia containing product that may be harmful or toxic for bird (small) and should be avoided.,unsafe
bird,small,garlic food,"garlic, additives",garlic containing product that may be harmful or toxic for bird (small) and should be avoided.,unsafe
bird,small,onion food,"onion, additives",onion containing product that may be harmful or toxic for bird (small) and should be avoided.,unsafe
bird,small,macadamia nuts food,"macadamia nuts, additives",macadamia nuts containing product that may be harmful or toxic for bird (small) and should be avoided.,unsafe
bird,small,onion food,"onion, additives",onion containing product that may be harmful or toxic for bird (small) and should be avoided.,unsafe
bird,small,caffeine food,"caffeine, additives",caffeine containing product that may be harmful or toxic for bird (small) and should be avoided.,unsafe
bird,small,chocolate food,"chocolate, additives",chocolate containing product that may be harmful or toxic for bird (small) and should be avoided.,unsafe
bird,small,onion food,"onion, additives",onion containing product that may be harmful or toxic for bird (small) and should be avoided.,unsafe
bird,small,macadamia nuts food,"macadamia nuts, additives",macadamia nuts containing product that may be harmful or toxic for bird (small) and should be avoided.,unsafe
bird,small,salt overdose food,"salt overdose, additives",salt overdose containing product that may be harmful or toxic for bird (small) and should be avoided.,unsafe
bird,small,grapes food,"grapes, additives",grapes containing product that may be harmful or toxic for bird (small) and should be avoided.,unsafe
bird,small,onion food,"onion, additives",onion containing product that may be harmful or toxic for bird (small) and should be avoided.,unsafe
bird,small,detergent food,"detergent, additives",detergent containing product that may be harmful or toxic for bird (small) and should be avoided.,unsafe
bird,small,salt overdose food,"salt overdose, additives",salt overdose containing product that may be harmful or toxic for bird (small) and should be avoided.,unsafe
bird,small,raisins food,"raisins, additives",raisins containing product that may be harmful or toxic for bird (small) and should be avoided.,unsafe
bird,small,grapes food,"grapes, additives",grapes containing product that may be harmful or toxic for bird (small) and should be avoided.,unsafe
bird,small,garlic food,"garlic, additives",garlic containing product that may be harmful or toxic for bird (small) and should be avoided.,unsafe
bird,small,oil residue food,"oil residue, additives",oil residue containing product that may be harmful or toxic for bird (small) and should be avoided.,unsafe
bird,small,alcohol food,"alcohol, additives",alcohol containing product that may be harmful or toxic for bird (small) and should be avoided.,unsafe
bird,small,alcohol food,"alcohol, additives",alcohol containing product that may be harmful or toxic for bird (small) and should be avoided.,unsafe
bird,small,onion food,"onion, additives",onion containing product that may be harmful or toxic for bird (small) and should be avoided.,unsafe
bird,small,alcohol food,"alcohol, additives",alcohol containing product that may be harmful or toxic for bird (small) and should be avoided.,unsafe
bird,small,avocado food,"avocado, additives",avocado containing product that may be harmful or toxic for bird (small) and should be avoided.,unsafe
bird,small,soap food,"soap, additives",soap containing product that may be harmful or toxic for bird (small) and should be avoided.,unsafe
bird,small,oil residue food,"oil residue, additives",oil residue containing product that may be harmful or toxic for bird (small) and should be avoided.,unsafe
bird,small,chocolate food,"chocolate, additives",chocolate containing product that may be harmful or toxic for bird (small) and should be avoided.,unsafe
bird,small,onion food,"onion, additives",onion containing product that may be harmful or toxic for bird (small) and should be avoided.,unsafe
bird,small,onion food,"onion, additives",onion containing product that may be harmful or toxic for bird (small) and should be avoided.,unsafe
bird,small,macadamia nuts food,"macadamia nuts, additives",macadamia nuts containing product that may be harmful or toxic for bird (small) and should be avoided.,unsafe
bird,big,sunflower seeds meal,"sunflower seeds, vitamins, minerals",sunflower seeds based nutritious meal suitable for bird (big) providing essential proteins vitamins and minerals.,safe
bird,big,peas meal,"peas, vitamins, minerals",peas based nutritious meal suitable for bird (big) providing essential proteins vitamins and minerals.,safe
bird,big,millet meal,"millet, vitamins, minerals",millet based nutritious meal suitable for bird (big) providing essential proteins vitamins and minerals.,safe
bird,big,shrimp meal,"shrimp, vitamins, minerals",shrimp based nutritious meal suitable for bird (big) providing essential proteins vitamins and minerals.,safe
bird,big,oats meal,"oats, vitamins, minerals",oats based nutritious meal suitable for bird (big) providing essential proteins vitamins and minerals.,safe
bird,big,spinach meal,"spinach, vitamins, minerals",spinach based nutritious meal suitable for bird (big) providing essential proteins vitamins and minerals.,safe
bird,big,carrot meal,"carrot, vitamins, minerals",carrot based nutritious meal suitable for bird (big) providing essential proteins vitamins and minerals.,safe
bird,big,brown rice meal,"brown rice, vitamins, minerals",brown rice based nutritious meal suitable for bird (big) providing essential proteins vitamins and minerals.,safe
bird,big,millet meal,"millet, vitamins, minerals",millet based nutritious meal suitable for bird (big) providing essential proteins vitamins and minerals.,safe
bird,big,peas meal,"peas, vitamins, minerals",peas based nutritious meal suitable for bird (big) providing essential proteins vitamins and minerals.,safe
bird,big,lamb meal,"lamb, vitamins, minerals",lamb based nutritious meal suitable for bird (big) providing essential proteins vitamins and minerals.,safe
bird,big,brown rice meal,"brown rice, vitamins, minerals",brown rice based nutritious meal suitable for bird (big) providing essential proteins vitamins and minerals.,safe
bird,big,brown rice meal,"brown rice, vitamins, minerals",brown rice based nutritious meal suitable for bird (big) providing essential proteins vitamins and minerals.,safe
bird,big,carrot meal,"carrot, vitamins, minerals",carrot based nutritious meal suitable for bird (big) providing essential proteins vitamins and minerals.,safe
bird,big,shrimp meal,"shrimp, vitamins, minerals",shrimp based nutritious meal suitable for bird (big) providing essential proteins vitamins and minerals.,safe
bird,big,fish meal meal,"fish meal, vitamins, minerals",fish meal based nutritious meal suitable for bird (big) providing essential proteins vitamins and minerals.,safe
bird,big,sunflower seeds meal,"sunflower seeds, vitamins, minerals",sunflower seeds based nutritious meal suitable for bird (big) providing essential proteins vitamins and minerals.,safe
bird,big,lamb meal,"lamb, vitamins, minerals",lamb based nutritious meal suitable for bird (big) providing essential proteins vitamins and minerals.,safe
bird,big,oats meal,"oats, vitamins, minerals",oats based nutritious meal suitable for bird (big) providing essential proteins vitamins and minerals.,safe
bird,big,duck meal,"duck, vitamins, minerals",duck based nutritious meal suitable for bird (big) providing essential proteins vitamins and minerals.,safe
bird,big,salmon meal,"salmon, vitamins, minerals",salmon based nutritious meal suitable for bird (big) providing essential proteins vitamins and minerals.,safe
bird,big,salmon meal,"salmon, vitamins, minerals",salmon based nutritious meal suitable for bird (big) providing essential proteins vitamins and minerals.,safe
bird,big,carrot meal,"carrot, vitamins, minerals",carrot based nutritious meal suitable for bird (big) providing essential proteins vitamins and minerals.,safe
bird,big,chicken meal,"chicken, vitamins, minerals",chicken based nutritious meal suitable for bird (big) providing essential proteins vitamins and minerals.,safe
bird,big,oats meal,"oats, vitamins, minerals",oats based nutritious meal suitable for bird (big) providing essential proteins vitamins and minerals.,safe
bird,big,pumpkin meal,"pumpkin, vitamins, minerals",pumpkin based nutritious meal suitable for bird (big) providing essential proteins vitamins and minerals.,safe
bird,big,carrot meal,"carrot, vitamins, minerals",carrot based nutritious meal suitable for bird (big) providing essential proteins vitamins and minerals.,safe
bird,big,brown rice meal,"brown rice, vitamins, minerals",brown rice based nutritious meal suitable for bird (big) providing essential proteins vitamins and minerals.,safe
bird,big,chicken meal,"chicken, vitamins, minerals",chicken based nutritious meal suitable for bird (big) providing essential proteins vitamins and minerals.,safe
bird,big,tuna meal,"tuna, vitamins, minerals",tuna based nutritious meal suitable for bird (big) providing essential proteins vitamins and minerals.,safe
bird,big,egg meal,"egg, vitamins, minerals",egg based nutritious meal suitable for bird (big) providing essential proteins vitamins and minerals.,safe
bird,big,sweet potato meal,"sweet potato, vitamins, minerals",sweet potato based nutritious meal suitable for bird (big) providing essential proteins vitamins and minerals.,safe
bird,big,peas meal,"peas, vitamins, minerals",peas based nutritious meal suitable for bird (big) providing essential proteins vitamins and minerals.,safe
bird,big,turkey meal,"turkey, vitamins, minerals",turkey based nutritious meal suitable for bird (big) providing essential proteins vitamins and minerals.,safe
bird,big,sunflower seeds meal,"sunflower seeds, vitamins, minerals",sunflower seeds based nutritious meal suitable for bird (big) providing essential proteins vitamins and minerals.,safe
bird,big,brown rice meal,"brown rice, vitamins, minerals",brown rice based nutritious meal suitable for bird (big) providing essential proteins vitamins and minerals.,safe
bird,big,duck meal,"duck, vitamins, minerals",duck based nutritious meal suitable for bird (big) providing essential proteins vitamins and minerals.,safe
bird,big,shrimp meal,"shrimp, vitamins, minerals",shrimp based nutritious meal suitable for bird (big) providing essential proteins vitamins and minerals.,safe
bird,big,carrot meal,"carrot, vitamins, minerals",carrot based nutritious meal suitable for bird (big) providing essential proteins vitamins and minerals.,safe
bird,big,chicken meal,"chicken, vitamins, minerals",chicken based nutritious meal suitable for bird (big) providing essential proteins vitamins and minerals.,safe
bird,big,spinach meal,"spinach, vitamins, minerals",spinach based nutritious meal suitable for bird (big) providing essential proteins vitamins and minerals.,safe
bird,big,lamb meal,"lamb, vitamins, minerals",lamb based nutritious meal suitable for bird (big) providing essential proteins vitamins and minerals.,safe
bird,big,salmon meal,"salmon, vitamins, minerals",salmon based nutritious meal suitable for bird (big) providing essential proteins vitamins and minerals.,safe
bird,big,rice meal,"rice, vitamins, minerals",rice based nutritious meal suitable for bird (big) providing essential proteins vitamins and minerals.,safe
bird,big,salmon meal,"salmon, vitamins, minerals",salmon based nutritious meal suitable for bird (big) providing essential proteins vitamins and minerals.,safe
bird,big,oats meal,"oats, vitamins, minerals",oats based nutritious meal suitable for bird (big) providing essential proteins vitamins and minerals.,safe
bird,big,tuna meal,"tuna, vitamins, minerals",tuna based nutritious meal suitable for bird (big) providing essential proteins vitamins and minerals.,safe
bird,big,sweet potato meal,"sweet potato, vitamins, minerals",sweet potato based nutritious meal suitable for bird (big) providing essential proteins vitamins and minerals.,safe
bird,big,duck meal,"duck, vitamins, minerals",duck based nutritious meal suitable for bird (big) providing essential proteins vitamins and minerals.,safe
bird,big,broccoli meal,"broccoli, vitamins, minerals",broccoli based nutritious meal suitable for bird (big) providing essential proteins vitamins and minerals.,safe
bird,big,fish meal meal,"fish meal, vitamins, minerals",fish meal based nutritious meal suitable for bird (big) providing essential proteins vitamins and minerals.,safe
bird,big,turkey meal,"turkey, vitamins, minerals",turkey based nutritious meal suitable for bird (big) providing essential proteins vitamins and minerals.,safe
bird,big,salmon meal,"salmon, vitamins, minerals",salmon based nutritious meal suitable for bird (big) providing essential proteins vitamins and minerals.,safe
bird,big,brown rice meal,"brown rice, vitamins, minerals",brown rice based nutritious meal suitable for bird (big) providing essential proteins vitamins and minerals.,safe
bird,big,chicken meal,"chicken, vitamins, minerals",chicken based nutritious meal suitable for bird (big) providing essential proteins vitamins and minerals.,safe
bird,big,oats meal,"oats, vitamins, minerals",oats based nutritious meal suitable for bird (big) providing essential proteins vitamins and minerals.,safe
bird,big,spinach meal,"spinach, vitamins, minerals",spinach based nutritious meal suitable for bird (big) providing essential proteins vitamins and minerals.,safe
bird,big,sunflower seeds meal,"sunflower seeds, vitamins, minerals",sunflower seeds based nutritious meal suitable for bird (big) providing essential proteins vitamins and minerals.,safe
bird,big,peas meal,"peas, vitamins, minerals",peas based nutritious meal suitable for bird (big) providing essential proteins vitamins and minerals.,safe
bird,big,shrimp meal,"shrimp, vitamins, minerals",shrimp based nutritious meal suitable for bird (big) providing essential proteins vitamins and minerals.,safe
bird,big,millet meal,"millet, vitamins, minerals",millet based nutritious meal suitable for bird (big) providing essential proteins vitamins and minerals.,safe
bird,big,rice meal,"rice, vitamins, minerals",rice based nutritious meal suitable for bird (big) providing essential proteins vitamins and minerals.,safe
bird,big,oats meal,"oats, vitamins, minerals",oats based nutritious meal suitable for bird (big) providing essential proteins vitamins and minerals.,safe
bird,big,fish meal meal,"fish meal, vitamins, minerals",fish meal based nutritious meal suitable for bird (big) providing essential proteins vitamins and minerals.,safe
bird,big,millet meal,"millet, vitamins, minerals",millet based nutritious meal suitable for bird (big) providing essential proteins vitamins and minerals.,safe
bird,big,chicken meal,"chicken, vitamins, minerals",chicken based nutritious meal suitable for bird (big) providing essential proteins vitamins and minerals.,safe
bird,big,egg meal,"egg, vitamins, minerals",egg based nutritious meal suitable for bird (big) providing essential proteins vitamins and minerals.,safe
bird,big,sunflower seeds meal,"sunflower seeds, vitamins, minerals",sunflower seeds based nutritious meal suitable for bird (big) providing essential proteins vitamins and minerals.,safe
bird,big,peas meal,"peas, vitamins, minerals",peas based nutritious meal suitable for bird (big) providing essential proteins vitamins and minerals.,safe
bird,big,carrot meal,"carrot, vitamins, minerals",carrot based nutritious meal suitable for bird (big) providing essential proteins vitamins and minerals.,safe
bird,big,egg meal,"egg, vitamins, minerals",egg based nutritious meal suitable for bird (big) providing essential proteins vitamins and minerals.,safe
bird,big,brown rice meal,"brown rice, vitamins, minerals",brown rice based nutritious meal suitable for bird (big) providing essential proteins vitamins and minerals.,safe
bird,big,rice meal,"rice, vitamins, minerals",rice based nutritious meal suitable for bird (big) providing essential proteins vitamins and minerals.,safe
bird,big,millet meal,"millet, vitamins, minerals",millet based nutritious meal suitable for bird (big) providing essential proteins vitamins and minerals.,safe
bird,big,millet meal,"millet, vitamins, minerals",millet based nutritious meal suitable for bird (big) providing essential proteins vitamins and minerals.,safe
bird,big,pumpkin meal,"pumpkin, vitamins, minerals",pumpkin based nutritious meal suitable for bird (big) providing essential proteins vitamins and minerals.,safe
bird,big,sunflower seeds meal,"sunflower seeds, vitamins, minerals",sunflower seeds based nutritious meal suitable for bird (big) providing essential proteins vitamins and minerals.,safe
bird,big,millet meal,"millet, vitamins, minerals",millet based nutritious meal suitable for bird (big) providing essential proteins vitamins and minerals.,safe
bird,big,lamb meal,"lamb, vitamins, minerals",lamb based nutritious meal suitable for bird (big) providing essential proteins vitamins and minerals.,safe
bird,big,brown rice meal,"brown rice, vitamins, minerals",brown rice based nutritious meal suitable for bird (big) providing essential proteins vitamins and minerals.,safe
bird,big,tuna meal,"tuna, vitamins, minerals",tuna based nutritious meal suitable for bird (big) providing essential proteins vitamins and minerals.,safe
bird,big,millet meal,"millet, vitamins, minerals",millet based nutritious meal suitable for bird (big) providing essential proteins vitamins and minerals.,safe
bird,big,fish meal meal,"fish meal, vitamins, minerals",fish meal based nutritious meal suitable for bird (big) providing essential proteins vitamins and minerals.,safe
bird,big,lamb meal,"lamb, vitamins, minerals",lamb based nutritious meal suitable for bird (big) providing essential proteins vitamins and minerals.,safe
bird,big,millet meal,"millet, vitamins, minerals",millet based nutritious meal suitable for bird (big) providing essential proteins vitamins and minerals.,safe
bird,big,sweet potato meal,"sweet potato, vitamins, minerals",sweet potato based nutritious meal suitable for bird (big) providing essential proteins vitamins and minerals.,safe
bird,big,salmon meal,"salmon, vitamins, minerals",salmon based nutritious meal suitable for bird (big) providing essential proteins vitamins and minerals.,safe
bird,big,carrot meal,"carrot, vitamins, minerals",carrot based nutritious meal suitable for bird (big) providing essential proteins vitamins and minerals.,safe
bird,big,millet meal,"millet, vitamins, minerals",millet based nutritious meal suitable for bird (big) providing essential proteins vitamins and minerals.,safe
bird,big,oats meal,"oats, vitamins, minerals",oats based nutritious meal suitable for bird (big) providing essential proteins vitamins and minerals.,safe
bird,big,oats meal,"oats, vitamins, minerals",oats based nutritious meal suitable for bird (big) providing essential proteins vitamins and minerals.,safe
bird,big,lamb meal,"lamb, vitamins, minerals",lamb based nutritious meal suitable for bird (big) providing essential proteins vitamins and minerals.,safe
bird,big,carrot meal,"carrot, vitamins, minerals",carrot based nutritious meal suitable for bird (big) providing essential proteins vitamins and minerals.,safe
bird,big,carrot meal,"carrot, vitamins, minerals",carrot based nutritious meal suitable for bird (big) providing essential proteins vitamins and minerals.,safe
bird,big,salmon meal,"salmon, vitamins, minerals",salmon based nutritious meal suitable for bird (big) providing essential proteins vitamins and minerals.,safe
bird,big,brown rice meal,"brown rice, vitamins, minerals",brown rice based nutritious meal suitable for bird (big) providing essential proteins vitamins and minerals.,safe
bird,big,lamb meal,"lamb, vitamins, minerals",lamb based nutritious meal suitable for bird (big) providing essential proteins vitamins and minerals.,safe
bird,big,shrimp meal,"shrimp, vitamins, minerals",shrimp based nutritious meal suitable for bird (big) providing essential proteins vitamins and minerals.,safe
bird,big,shrimp meal,"shrimp, vitamins, minerals",shrimp based nutritious meal suitable for bird (big) providing essential proteins vitamins and minerals.,safe
bird,big,egg meal,"egg, vitamins, minerals",egg based nutritious meal suitable for bird (big) providing essential proteins vitamins and minerals.,safe
bird,big,wheat snack,"wheat, wheat, corn",wheat based food occasionally acceptable for bird (big) but should be given in limited quantities.,moderate
bird,big,soybean snack,"soybean, wheat, corn",soybean based food occasionally acceptable for bird (big) but should be given in limited quantities.,moderate
bird,big,coconut snack,"coconut, wheat, corn",coconut based food occasionally acceptable for bird (big) but should be given in limited quantities.,moderate
bird,big,wheat snack,"wheat, wheat, corn",wheat based food occasionally acceptable for bird (big) but should be given in limited quantities.,moderate
bird,big,bread snack,"bread, wheat, corn",bread based food occasionally acceptable for bird (big) but should be given in limited quantities.,moderate
bird,big,peanut butter snack,"peanut butter, wheat, corn",peanut butter based food occasionally acceptable for bird (big) but should be given in limited quantities.,moderate
bird,big,soybean snack,"soybean, wheat, corn",soybean based food occasionally acceptable for bird (big) but should be given in limited quantities.,moderate
bird,big,wheat snack,"wheat, wheat, corn",wheat based food occasionally acceptable for bird (big) but should be given in limited quantities.,moderate
bird,big,cheese snack,"cheese, wheat, corn",cheese based food occasionally acceptable for bird (big) but should be given in limited quantities.,moderate
bird,big,peanut butter snack,"peanut butter, wheat, corn",peanut butter based food occasionally acceptable for bird (big) but should be given in limited quantities.,moderate
bird,big,barley snack,"barley, wheat, corn",barley based food occasionally acceptable for bird (big) but should be given in limited quantities.,moderate
bird,big,peanut butter snack,"peanut butter, wheat, corn",peanut butter based food occasionally acceptable for bird (big) but should be given in limited quantities.,moderate
bird,big,banana snack,"banana, wheat, corn",banana based food occasionally acceptable for bird (big) but should be given in limited quantities.,moderate
bird,big,peanut butter snack,"peanut butter, wheat, corn",peanut butter based food occasionally acceptable for bird (big) but should be given in limited quantities.,moderate
bird,big,cheese snack,"cheese, wheat, corn",cheese based food occasionally acceptable for bird (big) but should be given in limited quantities.,moderate
bird,big,soybean snack,"soybean, wheat, corn",soybean based food occasionally acceptable for bird (big) but should be given in limited quantities.,moderate
bird,big,soybean snack,"soybean, wheat, corn",soybean based food occasionally acceptable for bird (big) but should be given in limited quantities.,moderate
bird,big,peanut butter snack,"peanut butter, wheat, corn",peanut butter based food occasionally acceptable for bird (big) but should be given in limited quantities.,moderate
bird,big,peanut butter snack,"peanut butter, wheat, corn",peanut butter based food occasionally acceptable for bird (big) but should be given in limited quantities.,moderate
bird,big,soybean snack,"soybean, wheat, corn",soybean based food occasionally acceptable for bird (big) but should be given in limited quantities.,moderate
bird,big,cheese snack,"cheese, wheat, corn",cheese based food occasionally acceptable for bird (big) but should be given in limited quantities.,moderate
bird,big,coconut snack,"coconut, wheat, corn",coconut based food occasionally acceptable for bird (big) but should be given in limited quantities.,moderate
bird,big,potato snack,"potato, wheat, corn",potato based food occasionally acceptable for bird (big) but should be given in limited quantities.,moderate
bird,big,corn snack,"corn, wheat, corn",corn based food occasionally acceptable for bird (big) but should be given in limited quantities.,moderate
bird,big,banana snack,"banana, wheat, corn",banana based food occasionally acceptable for bird (big) but should be given in limited quantities.,moderate
bird,big,bread snack,"bread, wheat, corn",bread based food occasionally acceptable for bird (big) but should be given in limited quantities.,moderate
bird,big,banana snack,"banana, wheat, corn",banana based food occasionally acceptable for bird (big) but should be given in limited quantities.,moderate
bird,big,milk snack,"milk, wheat, corn",milk based food occasionally acceptable for bird (big) but should be given in limited quantities.,moderate
bird,big,mango snack,"mango, wheat, corn",mango based food occasionally acceptable for bird (big) but should be given in limited quantities.,moderate
bird,big,milk snack,"milk, wheat, corn",milk based food occasionally acceptable for bird (big) but should be given in limited quantities.,moderate
bird,big,apple snack,"apple, wheat, corn",apple based food occasionally acceptable for bird (big) but should be given in limited quantities.,moderate
bird,big,barley snack,"barley, wheat, corn",barley based food occasionally acceptable for bird (big) but should be given in limited quantities.,moderate
bird,big,honey snack,"honey, wheat, corn",honey based food occasionally acceptable for bird (big) but should be given in limited quantities.,moderate
bird,big,apple snack,"apple, wheat, corn",apple based food occasionally acceptable for bird (big) but should be given in limited quantities.,moderate
bird,big,potato snack,"potato, wheat, corn",potato based food occasionally acceptable for bird (big) but should be given in limited quantities.,moderate
bird,big,milk snack,"milk, wheat, corn",milk based food occasionally acceptable for bird (big) but should be given in limited quantities.,moderate
bird,big,cheese snack,"cheese, wheat, corn",cheese based food occasionally acceptable for bird (big) but should be given in limited quantities.,moderate
bird,big,yogurt snack,"yogurt, wheat, corn",yogurt based food occasionally acceptable for bird (big) but should be given in limited quantities.,moderate
bird,big,corn snack,"corn, wheat, corn",corn based food occasionally acceptable for bird (big) but should be given in limited quantities.,moderate
bird,big,banana snack,"banana, wheat, corn",banana based food occasionally acceptable for bird (big) but should be given in limited quantities.,moderate
bird,big,apple snack,"apple, wheat, corn",apple based food occasionally acceptable for bird (big) but should be given in limited quantities.,moderate
bird,big,banana snack,"banana, wheat, corn",banana based food occasionally acceptable for bird (big) but should be given in limited quantities.,moderate
bird,big,milk snack,"milk, wheat, corn",milk based food occasionally acceptable for bird (big) but should be given in limited quantities.,moderate
bird,big,soybean snack,"soybean, wheat, corn",soybean based food occasionally acceptable for bird (big) but should be given in limited quantities.,moderate
bird,big,wheat snack,"wheat, wheat, corn",wheat based food occasionally acceptable for bird (big) but should be given in limited quantities.,moderate
bird,big,wheat snack,"wheat, wheat, corn",wheat based food occasionally acceptable for bird (big) but should be given in limited quantities.,moderate
bird,big,soybean snack,"soybean, wheat, corn",soybean based food occasionally acceptable for bird (big) but should be given in limited quantities.,moderate
bird,big,soybean snack,"soybean, wheat, corn",soybean based food occasionally acceptable for bird (big) but should be given in limited quantities.,moderate
bird,big,peanut butter snack,"peanut butter, wheat, corn",peanut butter based food occasionally acceptable for bird (big) but should be given in limited quantities.,moderate
bird,big,honey snack,"honey, wheat, corn",honey based food occasionally acceptable for bird (big) but should be given in limited quantities.,moderate
bird,big,potato snack,"potato, wheat, corn",potato based food occasionally acceptable for bird (big) but should be given in limited quantities.,moderate
bird,big,cheese snack,"cheese, wheat, corn",cheese based food occasionally acceptable for bird (big) but should be given in limited quantities.,moderate
bird,big,corn snack,"corn, wheat, corn",corn based food occasionally acceptable for bird (big) but should be given in limited quantities.,moderate
bird,big,potato snack,"potato, wheat, corn",potato based food occasionally acceptable for bird (big) but should be given in limited quantities.,moderate
bird,big,barley snack,"barley, wheat, corn",barley based food occasionally acceptable for bird (big) but should be given in limited quantities.,moderate
bird,big,corn snack,"corn, wheat, corn",corn based food occasionally acceptable for bird (big) but should be given in limited quantities.,moderate
bird,big,honey snack,"honey, wheat, corn",honey based food occasionally acceptable for bird (big) but should be given in limited quantities.,moderate
bird,big,apple snack,"apple, wheat, corn",apple based food occasionally acceptable for bird (big) but should be given in limited quantities.,moderate
bird,big,barley snack,"barley, wheat, corn",barley based food occasionally acceptable for bird (big) but should be given in limited quantities.,moderate
bird,big,wheat snack,"wheat, wheat, corn",wheat based food occasionally acceptable for bird (big) but should be given in limited quantities.,moderate
bird,big,milk snack,"milk, wheat, corn",milk based food occasionally acceptable for bird (big) but should be given in limited quantities.,moderate
bird,big,banana snack,"banana, wheat, corn",banana based food occasionally acceptable for bird (big) but should be given in limited quantities.,moderate
bird,big,potato snack,"potato, wheat, corn",potato based food occasionally acceptable for bird (big) but should be given in limited quantities.,moderate
bird,big,banana snack,"banana, wheat, corn",banana based food occasionally acceptable for bird (big) but should be given in limited quantities.,moderate
bird,big,mango snack,"mango, wheat, corn",mango based food occasionally acceptable for bird (big) but should be given in limited quantities.,moderate
bird,big,milk snack,"milk, wheat, corn",milk based food occasionally acceptable for bird (big) but should be given in limited quantities.,moderate
bird,big,yogurt snack,"yogurt, wheat, corn",yogurt based food occasionally acceptable for bird (big) but should be given in limited quantities.,moderate
bird,big,corn snack,"corn, wheat, corn",corn based food occasionally acceptable for bird (big) but should be given in limited quantities.,moderate
bird,big,potato snack,"potato, wheat, corn",potato based food occasionally acceptable for bird (big) but should be given in limited quantities.,moderate
bird,big,mango snack,"mango, wheat, corn",mango based food occasionally acceptable for bird (big) but should be given in limited quantities.,moderate
bird,big,yogurt snack,"yogurt, wheat, corn",yogurt based food occasionally acceptable for bird (big) but should be given in limited quantities.,moderate
bird,big,potato snack,"potato, wheat, corn",potato based food occasionally acceptable for bird (big) but should be given in limited quantities.,moderate
bird,big,peanut butter snack,"peanut butter, wheat, corn",peanut butter based food occasionally acceptable for bird (big) but should be given in limited quantities.,moderate
bird,big,corn snack,"corn, wheat, corn",corn based food occasionally acceptable for bird (big) but should be given in limited quantities.,moderate
bird,big,corn snack,"corn, wheat, corn",corn based food occasionally acceptable for bird (big) but should be given in limited quantities.,moderate
bird,big,yogurt snack,"yogurt, wheat, corn",yogurt based food occasionally acceptable for bird (big) but should be given in limited quantities.,moderate
bird,big,wheat snack,"wheat, wheat, corn",wheat based food occasionally acceptable for bird (big) but should be given in limited quantities.,moderate
bird,big,apple snack,"apple, wheat, corn",apple based food occasionally acceptable for bird (big) but should be given in limited quantities.,moderate
bird,big,barley snack,"barley, wheat, corn",barley based food occasionally acceptable for bird (big) but should be given in limited quantities.,moderate
bird,big,mango snack,"mango, wheat, corn",mango based food occasionally acceptable for bird (big) but should be given in limited quantities.,moderate
bird,big,milk snack,"milk, wheat, corn",milk based food occasionally acceptable for bird (big) but should be given in limited quantities.,moderate
bird,big,bread snack,"bread, wheat, corn",bread based food occasionally acceptable for bird (big) but should be given in limited quantities.,moderate
bird,big,banana snack,"banana, wheat, corn",banana based food occasionally acceptable for bird (big) but should be given in limited quantities.,moderate
bird,big,bread snack,"bread, wheat, corn",bread based food occasionally acceptable for bird (big) but should be given in limited quantities.,moderate
bird,big,honey snack,"honey, wheat, corn",honey based food occasionally acceptable for bird (big) but should be given in limited quantities.,moderate
bird,big,soybean snack,"soybean, wheat, corn",soybean based food occasionally acceptable for bird (big) but should be given in limited quantities.,moderate
bird,big,apple snack,"apple, wheat, corn",apple based food occasionally acceptable for bird (big) but should be given in limited quantities.,moderate
bird,big,banana snack,"banana, wheat, corn",banana based food occasionally acceptable for bird (big) but should be given in limited quantities.,moderate
bird,big,coconut snack,"coconut, wheat, corn",coconut based food occasionally acceptable for bird (big) but should be given in limited quantities.,moderate
bird,big,peanut butter snack,"peanut butter, wheat, corn",peanut butter based food occasionally acceptable for bird (big) but should be given in limited quantities.,moderate
bird,big,apple snack,"apple, wheat, corn",apple based food occasionally acceptable for bird (big) but should be given in limited quantities.,moderate
bird,big,banana snack,"banana, wheat, corn",banana based food occasionally acceptable for bird (big) but should be given in limited quantities.,moderate
bird,big,cheese snack,"cheese, wheat, corn",cheese based food occasionally acceptable for bird (big) but should be given in limited quantities.,moderate
bird,big,milk snack,"milk, wheat, corn",milk based food occasionally acceptable for bird (big) but should be given in limited quantities.,moderate
bird,big,potato snack,"potato, wheat, corn",potato based food occasionally acceptable for bird (big) but should be given in limited quantities.,moderate
bird,big,barley snack,"barley, wheat, corn",barley based food occasionally acceptable for bird (big) but should be given in limited quantities.,moderate
bird,big,banana snack,"banana, wheat, corn",banana based food occasionally acceptable for bird (big) but should be given in limited quantities.,moderate
bird,big,cheese snack,"cheese, wheat, corn",cheese based food occasionally acceptable for bird (big) but should be given in limited quantities.,moderate
bird,big,milk snack,"milk, wheat, corn",milk based food occasionally acceptable for bird (big) but should be given in limited quantities.,moderate
bird,big,cheese snack,"cheese, wheat, corn",cheese based food occasionally acceptable for bird (big) but should be given in limited quantities.,moderate
bird,big,macadamia nuts food,"macadamia nuts, additives",macadamia nuts containing product that may be harmful or toxic for bird (big) and should be avoided.,unsafe
bird,big,chocolate food,"chocolate, additives",chocolate containing product that may be harmful or toxic for bird (big) and should be avoided.,unsafe
bird,big,detergent food,"detergent, additives",detergent containing product that may be harmful or toxic for bird (big) and should be avoided.,unsafe
bird,big,onion food,"onion, additives",onion containing product that may be harmful or toxic for bird (big) and should be avoided.,unsafe
bird,big,xylitol food,"xylitol, additives",xylitol containing product that may be harmful or toxic for bird (big) and should be avoided.,unsafe
bird,big,detergent food,"detergent, additives",detergent containing product that may be harmful or toxic for bird (big) and should be avoided.,unsafe
bird,big,ammonia food,"ammonia, additives",ammonia containing product that may be harmful or toxic for bird (big) and should be avoided.,unsafe
bird,big,macadamia nuts food,"macadamia nuts, additives",macadamia nuts containing product that may be harmful or toxic for bird (big) and should be avoided.,unsafe
bird,big,grapes food,"grapes, additives",grapes containing product that may be harmful or toxic for bird (big) and should be avoided.,unsafe
bird,big,ammonia food,"ammonia, additives",ammonia containing product that may be harmful or toxic for bird (big) and should be avoided.,unsafe
bird,big,ammonia food,"ammonia, additives",ammonia containing product that may be harmful or toxic for bird (big) and should be avoided.,unsafe
bird,big,xylitol food,"xylitol, additives",xylitol containing product that may be harmful or toxic for bird (big) and should be avoided.,unsafe
bird,big,chocolate food,"chocolate, additives",chocolate containing product that may be harmful or toxic for bird (big) and should be avoided.,unsafe
bird,big,caffeine food,"caffeine, additives",caffeine containing product that may be harmful or toxic for bird (big) and should be avoided.,unsafe
bird,big,oil residue food,"oil residue, additives",oil residue containing product that may be harmful or toxic for bird (big) and should be avoided.,unsafe
bird,big,onion food,"onion, additives",onion containing product that may be harmful or toxic for bird (big) and should be avoided.,unsafe
bird,big,soap food,"soap, additives",soap containing product that may be harmful or toxic for bird (big) and should be avoided.,unsafe
bird,big,alcohol food,"alcohol, additives",alcohol containing product that may be harmful or toxic for bird (big) and should be avoided.,unsafe
bird,big,ammonia food,"ammonia, additives",ammonia containing product that may be harmful or toxic for bird (big) and should be avoided.,unsafe
bird,big,garlic food,"garlic, additives",garlic containing product that may be harmful or toxic for bird (big) and should be avoided.,unsafe
bird,big,grapes food,"grapes, additives",grapes containing product that may be harmful or toxic for bird (big) and should be avoided.,unsafe
bird,big,soap food,"soap, additives",soap containing product that may be harmful or toxic for bird (big) and should be avoided.,unsafe
bird,big,salt overdose food,"salt overdose, additives",salt overdose containing product that may be harmful or toxic for bird (big) and should be avoided.,unsafe
bird,big,avocado food,"avocado, additives",avocado containing product that may be harmful or toxic for bird (big) and should be avoided.,unsafe
bird,big,onion food,"onion, additives",onion containing product that may be harmful or toxic for bird (big) and should be avoided.,unsafe
bird,big,salt overdose food,"salt overdose, additives",salt overdose containing product that may be harmful or toxic for bird (big) and should be avoided.,unsafe
bird,big,soap food,"soap, additives",soap containing product that may be harmful or toxic for bird (big) and should be avoided.,unsafe
bird,big,raisins food,"raisins, additives",raisins containing product that may be harmful or toxic for bird (big) and should be avoided.,unsafe
bird,big,raisins food,"raisins, additives",raisins containing product that may be harmful or toxic for bird (big) and should be avoided.,unsafe
bird,big,avocado food,"avocado, additives",avocado containing product that may be harmful or toxic for bird (big) and should be avoided.,unsafe
bird,big,salt overdose food,"salt overdose, additives",salt overdose containing product that may be harmful or toxic for bird (big) and should be avoided.,unsafe
bird,big,oil residue food,"oil residue, additives",oil residue containing product that may be harmful or toxic for bird (big) and should be avoided.,unsafe
bird,big,macadamia nuts food,"macadamia nuts, additives",macadamia nuts containing product that may be harmful or toxic for bird (big) and should be avoided.,unsafe
bird,big,caffeine food,"caffeine, additives",caffeine containing product that may be harmful or toxic for bird (big) and should be avoided.,unsafe
bird,big,oil residue food,"oil residue, additives",oil residue containing product that may be harmful or toxic for bird (big) and should be avoided.,unsafe
bird,big,salt overdose food,"salt overdose, additives",salt overdose containing product that may be harmful or toxic for bird (big) and should be avoided.,unsafe
bird,big,raisins food,"raisins, additives",raisins containing product that may be harmful or toxic for bird (big) and should be avoided.,unsafe
bird,big,oil residue food,"oil residue, additives",oil residue containing product that may be harmful or toxic for bird (big) and should be avoided.,unsafe
bird,big,raisins food,"raisins, additives",raisins containing product that may be harmful or toxic for bird (big) and should be avoided.,unsafe
bird,big,grapes food,"grapes, additives",grapes containing product that may be harmful or toxic for bird (big) and should be avoided.,unsafe
bird,big,salt overdose food,"salt overdose, additives",salt overdose containing product that may be harmful or toxic for bird (big) and should be avoided.,unsafe
bird,big,caffeine food,"caffeine, additives",caffeine containing product that may be harmful or toxic for bird (big) and should be avoided.,unsafe
bird,big,xylitol food,"xylitol, additives",xylitol containing product that may be harmful or toxic for bird (big) and should be avoided.,unsafe
bird,big,avocado food,"avocado, additives",avocado containing product that may be harmful or toxic for bird (big) and should be avoided.,unsafe
bird,big,oil residue food,"oil residue, additives",oil residue containing product that may be harmful or toxic for bird (big) and should be avoided.,unsafe
bird,big,xylitol food,"xylitol, additives",xylitol containing product that may be harmful or toxic for bird (big) and should be avoided.,unsafe
bird,big,detergent food,"detergent, additives",detergent containing product that may be harmful or toxic for bird (big) and should be avoided.,unsafe
bird,big,onion food,"onion, additives",onion containing product that may be harmful or toxic for bird (big) and should be avoided.,unsafe
bird,big,ammonia food,"ammonia, additives",ammonia containing product that may be harmful or toxic for bird (big) and should be avoided.,unsafe
bird,big,alcohol food,"alcohol, additives",alcohol containing product that may be harmful or toxic for bird (big) and should be avoided.,unsafe
bird,big,macadamia nuts food,"macadamia nuts, additives",macadamia nuts containing product that may be harmful or toxic for bird (big) and should be avoided.,unsafe
bird,big,raisins food,"raisins, additives",raisins containing product that may be harmful or toxic for bird (big) and should be avoided.,unsafe
bird,big,salt overdose food,"salt overdose, additives",salt overdose containing product that may be harmful or toxic for bird (big) and should be avoided.,unsafe
bird,big,oil residue food,"oil residue, additives",oil residue containing product that may be harmful or toxic for bird (big) and should be avoided.,unsafe
bird,big,detergent food,"detergent, additives",detergent containing product that may be harmful or toxic for bird (big) and should be avoided.,unsafe
bird,big,grapes food,"grapes, additives",grapes containing product that may be harmful or toxic for bird (big) and should be avoided.,unsafe
bird,big,soap food,"soap, additives",soap containing product that may be harmful or toxic for bird (big) and should be avoided.,unsafe
bird,big,soap food,"soap, additives",soap containing product that may be harmful or toxic for bird (big) and should be avoided.,unsafe
bird,big,chocolate food,"chocolate, additives",chocolate containing product that may be harmful or toxic for bird (big) and should be avoided.,unsafe
bird,big,salt overdose food,"salt overdose, additives",salt overdose containing product that may be harmful or toxic for bird (big) and should be avoided.,unsafe
bird,big,macadamia nuts food,"macadamia nuts, additives",macadamia nuts containing product that may be harmful or toxic for bird (big) and should be avoided.,unsafe
bird,big,onion food,"onion, additives",onion containing product that may be harmful or toxic for bird (big) and should be avoided.,unsafe
bird,big,caffeine food,"caffeine, additives",caffeine containing product that may be harmful or toxic for bird (big) and should be avoided.,unsafe
bird,big,ammonia food,"ammonia, additives",ammonia containing product that may be harmful or toxic for bird (big) and should be avoided.,unsafe
bird,big,detergent food,"detergent, additives",detergent containing product that may be harmful or toxic for bird (big) and should be avoided.,unsafe
bird,big,macadamia nuts food,"macadamia nuts, additives",macadamia nuts containing product that may be harmful or toxic for bird (big) and should be avoided.,unsafe
bird,big,macadamia nuts food,"macadamia nuts, additives",macadamia nuts containing product that may be harmful or toxic for bird (big) and should be avoided.,unsafe
bird,big,soap food,"soap, additives",soap containing product that may be harmful or toxic for bird (big) and should be avoided.,unsafe
bird,big,macadamia nuts food,"macadamia nuts, additives",macadamia nuts containing product that may be harmful or toxic for bird (big) and should be avoided.,unsafe
bird,big,onion food,"onion, additives",onion containing product that may be harmful or toxic for bird (big) and should be avoided.,unsafe
bird,big,macadamia nuts food,"macadamia nuts, additives",macadamia nuts containing product that may be harmful or toxic for bird (big) and should be avoided.,unsafe
bird,big,caffeine food,"caffeine, additives",caffeine containing product that may be harmful or toxic for bird (big) and should be avoided.,unsafe
bird,big,macadamia nuts food,"macadamia nuts, additives",macadamia nuts containing product that may be harmful or toxic for bird (big) and should be avoided.,unsafe
bird,big,ammonia food,"ammonia, additives",ammonia containing product that may be harmful or toxic for bird (big) and should be avoided.,unsafe
bird,big,salt overdose food,"salt overdose, additives",salt overdose containing product that may be harmful or toxic for bird (big) and should be avoided.,unsafe
bird,big,caffeine food,"caffeine, additives",caffeine containing product that may be harmful or toxic for bird (big) and should be avoided.,unsafe
bird,big,raisins food,"raisins, additives",raisins containing product that may be harmful or toxic for bird (big) and should be avoided.,unsafe
bird,big,onion food,"onion, additives",onion containing product that may be harmful or toxic for bird (big) and should be avoided.,unsafe
bird,big,garlic food,"garlic, additives",garlic containing product that may be harmful or toxic for bird (big) and should be avoided.,unsafe
bird,big,oil residue food,"oil residue, additives",oil residue containing product that may be harmful or toxic for bird (big) and should be avoided.,unsafe
bird,big,detergent food,"detergent, additives",detergent containing product that may be harmful or toxic for bird (big) and should be avoided.,unsafe
bird,big,macadamia nuts food,"macadamia nuts, additives",macadamia nuts containing product that may be harmful or toxic for bird (big) and should be avoided.,unsafe
bird,big,alcohol food,"alcohol, additives",alcohol containing product that may be harmful or toxic for bird (big) and should be avoided.,unsafe
bird,big,caffeine food,"caffeine, additives",caffeine containing product that may be harmful or toxic for bird (big) and should be avoided.,unsafe
bird,big,macadamia nuts food,"macadamia nuts, additives",macadamia nuts containing product that may be harmful or toxic for bird (big) and should be avoided.,unsafe
bird,big,soap food,"soap, additives",soap containing product that may be harmful or toxic for bird (big) and should be avoided.,unsafe
bird,big,raisins food,"raisins, additives",raisins containing product that may be harmful or toxic for bird (big) and should be avoided.,unsafe
bird,big,ammonia food,"ammonia, additives",ammonia containing product that may be harmful or toxic for bird (big) and should be avoided.,unsafe
bird,big,grapes food,"grapes, additives",grapes containing product that may be harmful or toxic for bird (big) and should be avoided.,unsafe
bird,big,raisins food,"raisins, additives",raisins containing product that may be harmful or toxic for bird (big) and should be avoided.,unsafe
bird,big,onion food,"onion, additives",onion containing product that may be harmful or toxic for bird (big) and should be avoided.,unsafe
bird,big,xylitol food,"xylitol, additives",xylitol containing product that may be harmful or toxic for bird (big) and should be avoided.,unsafe
bird,big,soap food,"soap, additives",soap containing product that may be harmful or toxic for bird (big) and should be avoided.,unsafe
bird,big,chocolate food,"chocolate, additives",chocolate containing product that may be harmful or toxic for bird (big) and should be avoided.,unsafe
bird,big,raisins food,"raisins, additives",raisins containing product that may be harmful or toxic for bird (big) and should be avoided.,unsafe
bird,big,oil residue food,"oil residue, additives",oil residue containing product that may be harmful or toxic for bird (big) and should be avoided.,unsafe
bird,big,ammonia food,"ammonia, additives",ammonia containing product that may be harmful or toxic for bird (big) and should be avoided.,unsafe
bird,big,alcohol food,"alcohol, additives",alcohol containing product that may be harmful or toxic for bird (big) and should be avoided.,unsafe
bird,big,alcohol food,"alcohol, additives",alcohol containing product that may be harmful or toxic for bird (big) and should be avoided.,unsafe
bird,big,detergent food,"detergent, additives",detergent containing product that may be harmful or toxic for bird (big) and should be avoided.,unsafe
fish,small,lamb meal,"lamb, vitamins, minerals",lamb based nutritious meal suitable for fish (small) providing essential proteins vitamins and minerals.,safe
fish,small,pumpkin meal,"pumpkin, vitamins, minerals",pumpkin based nutritious meal suitable for fish (small) providing essential proteins vitamins and minerals.,safe
fish,small,spinach meal,"spinach, vitamins, minerals",spinach based nutritious meal suitable for fish (small) providing essential proteins vitamins and minerals.,safe
fish,small,egg meal,"egg, vitamins, minerals",egg based nutritious meal suitable for fish (small) providing essential proteins vitamins and minerals.,safe
fish,small,duck meal,"duck, vitamins, minerals",duck based nutritious meal suitable for fish (small) providing essential proteins vitamins and minerals.,safe
fish,small,pumpkin meal,"pumpkin, vitamins, minerals",pumpkin based nutritious meal suitable for fish (small) providing essential proteins vitamins and minerals.,safe
fish,small,brown rice meal,"brown rice, vitamins, minerals",brown rice based nutritious meal suitable for fish (small) providing essential proteins vitamins and minerals.,safe
fish,small,fish meal meal,"fish meal, vitamins, minerals",fish meal based nutritious meal suitable for fish (small) providing essential proteins vitamins and minerals.,safe
fish,small,tuna meal,"tuna, vitamins, minerals",tuna based nutritious meal suitable for fish (small) providing essential proteins vitamins and minerals.,safe
fish,small,carrot meal,"carrot, vitamins, minerals",carrot based nutritious meal suitable for fish (small) providing essential proteins vitamins and minerals.,safe
fish,small,turkey meal,"turkey, vitamins, minerals",turkey based nutritious meal suitable for fish (small) providing essential proteins vitamins and minerals.,safe
fish,small,millet meal,"millet, vitamins, minerals",millet based nutritious meal suitable for fish (small) providing essential proteins vitamins and minerals.,safe
fish,small,spinach meal,"spinach, vitamins, minerals",spinach based nutritious meal suitable for fish (small) providing essential proteins vitamins and minerals.,safe
fish,small,sweet potato meal,"sweet potato, vitamins, minerals",sweet potato based nutritious meal suitable for fish (small) providing essential proteins vitamins and minerals.,safe
fish,small,shrimp meal,"shrimp, vitamins, minerals",shrimp based nutritious meal suitable for fish (small) providing essential proteins vitamins and minerals.,safe
fish,small,rice meal,"rice, vitamins, minerals",rice based nutritious meal suitable for fish (small) providing essential proteins vitamins and minerals.,safe
fish,small,peas meal,"peas, vitamins, minerals",peas based nutritious meal suitable for fish (small) providing essential proteins vitamins and minerals.,safe
fish,small,pumpkin meal,"pumpkin, vitamins, minerals",pumpkin based nutritious meal suitable for fish (small) providing essential proteins vitamins and minerals.,safe
fish,small,brown rice meal,"brown rice, vitamins, minerals",brown rice based nutritious meal suitable for fish (small) providing essential proteins vitamins and minerals.,safe
fish,small,salmon meal,"salmon, vitamins, minerals",salmon based nutritious meal suitable for fish (small) providing essential proteins vitamins and minerals.,safe
fish,small,duck meal,"duck, vitamins, minerals",duck based nutritious meal suitable for fish (small) providing essential proteins vitamins and minerals.,safe
fish,small,carrot meal,"carrot, vitamins, minerals",carrot based nutritious meal suitable for fish (small) providing essential proteins vitamins and minerals.,safe
fish,small,lamb meal,"lamb, vitamins, minerals",lamb based nutritious meal suitable for fish (small) providing essential proteins vitamins and minerals.,safe
fish,small,peas meal,"peas, vitamins, minerals",peas based nutritious meal suitable for fish (small) providing essential proteins vitamins and minerals.,safe
fish,small,turkey meal,"turkey, vitamins, minerals",turkey based nutritious meal suitable for fish (small) providing essential proteins vitamins and minerals.,safe
fish,small,peas meal,"peas, vitamins, minerals",peas based nutritious meal suitable for fish (small) providing essential proteins vitamins and minerals.,safe
fish,small,sweet potato meal,"sweet potato, vitamins, minerals",sweet potato based nutritious meal suitable for fish (small) providing essential proteins vitamins and minerals.,safe
fish,small,lamb meal,"lamb, vitamins, minerals",lamb based nutritious meal suitable for fish (small) providing essential proteins vitamins and minerals.,safe
fish,small,egg meal,"egg, vitamins, minerals",egg based nutritious meal suitable for fish (small) providing essential proteins vitamins and minerals.,safe
fish,small,brown rice meal,"brown rice, vitamins, minerals",brown rice based nutritious meal suitable for fish (small) providing essential proteins vitamins and minerals.,safe
fish,small,rice meal,"rice, vitamins, minerals",rice based nutritious meal suitable for fish (small) providing essential proteins vitamins and minerals.,safe
fish,small,millet meal,"millet, vitamins, minerals",millet based nutritious meal suitable for fish (small) providing essential proteins vitamins and minerals.,safe
fish,small,peas meal,"peas, vitamins, minerals",peas based nutritious meal suitable for fish (small) providing essential proteins vitamins and minerals.,safe
fish,small,brown rice meal,"brown rice, vitamins, minerals",brown rice based nutritious meal suitable for fish (small) providing essential proteins vitamins and minerals.,safe
fish,small,rice meal,"rice, vitamins, minerals",rice based nutritious meal suitable for fish (small) providing essential proteins vitamins and minerals.,safe
fish,small,shrimp meal,"shrimp, vitamins, minerals",shrimp based nutritious meal suitable for fish (small) providing essential proteins vitamins and minerals.,safe
fish,small,shrimp meal,"shrimp, vitamins, minerals",shrimp based nutritious meal suitable for fish (small) providing essential proteins vitamins and minerals.,safe
fish,small,spinach meal,"spinach, vitamins, minerals",spinach based nutritious meal suitable for fish (small) providing essential proteins vitamins and minerals.,safe
fish,small,lamb meal,"lamb, vitamins, minerals",lamb based nutritious meal suitable for fish (small) providing essential proteins vitamins and minerals.,safe
fish,small,lamb meal,"lamb, vitamins, minerals",lamb based nutritious meal suitable for fish (small) providing essential proteins vitamins and minerals.,safe
fish,small,lamb meal,"lamb, vitamins, minerals",lamb based nutritious meal suitable for fish (small) providing essential proteins vitamins and minerals.,safe
fish,small,oats meal,"oats, vitamins, minerals",oats based nutritious meal suitable for fish (small) providing essential proteins vitamins and minerals.,safe
fish,small,rice meal,"rice, vitamins, minerals",rice based nutritious meal suitable for fish (small) providing essential proteins vitamins and minerals.,safe
fish,small,rice meal,"rice, vitamins, minerals",rice based nutritious meal suitable for fish (small) providing essential proteins vitamins and minerals.,safe
fish,small,pumpkin meal,"pumpkin, vitamins, minerals",pumpkin based nutritious meal suitable for fish (small) providing essential proteins vitamins and minerals.,safe
fish,small,sunflower seeds meal,"sunflower seeds, vitamins, minerals",sunflower seeds based nutritious meal suitable for fish (small) providing essential proteins vitamins and minerals.,safe
fish,small,carrot meal,"carrot, vitamins, minerals",carrot based nutritious meal suitable for fish (small) providing essential proteins vitamins and minerals.,safe
fish,small,brown rice meal,"brown rice, vitamins, minerals",brown rice based nutritious meal suitable for fish (small) providing essential proteins vitamins and minerals.,safe
fish,small,peas meal,"peas, vitamins, minerals",peas based nutritious meal suitable for fish (small) providing essential proteins vitamins and minerals.,safe
fish,small,sweet potato meal,"sweet potato, vitamins, minerals",sweet potato based nutritious meal suitable for fish (small) providing essential proteins vitamins and minerals.,safe
fish,small,sweet potato meal,"sweet potato, vitamins, minerals",sweet potato based nutritious meal suitable for fish (small) providing essential proteins vitamins and minerals.,safe
fish,small,fish meal meal,"fish meal, vitamins, minerals",fish meal based nutritious meal suitable for fish (small) providing essential proteins vitamins and minerals.,safe
fish,small,shrimp meal,"shrimp, vitamins, minerals",shrimp based nutritious meal suitable for fish (small) providing essential proteins vitamins and minerals.,safe
fish,small,carrot meal,"carrot, vitamins, minerals",carrot based nutritious meal suitable for fish (small) providing essential proteins vitamins and minerals.,safe
fish,small,broccoli meal,"broccoli, vitamins, minerals",broccoli based nutritious meal suitable for fish (small) providing essential proteins vitamins and minerals.,safe
fish,small,tuna meal,"tuna, vitamins, minerals",tuna based nutritious meal suitable for fish (small) providing essential proteins vitamins and minerals.,safe
fish,small,carrot meal,"carrot, vitamins, minerals",carrot based nutritious meal suitable for fish (small) providing essential proteins vitamins and minerals.,safe
fish,small,broccoli meal,"broccoli, vitamins, minerals",broccoli based nutritious meal suitable for fish (small) providing essential proteins vitamins and minerals.,safe
fish,small,carrot meal,"carrot, vitamins, minerals",carrot based nutritious meal suitable for fish (small) providing essential proteins vitamins and minerals.,safe
fish,small,chicken meal,"chicken, vitamins, minerals",chicken based nutritious meal suitable for fish (small) providing essential proteins vitamins and minerals.,safe
fish,small,rice meal,"rice, vitamins, minerals",rice based nutritious meal suitable for fish (small) providing essential proteins vitamins and minerals.,safe
fish,small,peas meal,"peas, vitamins, minerals",peas based nutritious meal suitable for fish (small) providing essential proteins vitamins and minerals.,safe
fish,small,millet meal,"millet, vitamins, minerals",millet based nutritious meal suitable for fish (small) providing essential proteins vitamins and minerals.,safe
fish,small,broccoli meal,"broccoli, vitamins, minerals",broccoli based nutritious meal suitable for fish (small) providing essential proteins vitamins and minerals.,safe
fish,small,oats meal,"oats, vitamins, minerals",oats based nutritious meal suitable for fish (small) providing essential proteins vitamins and minerals.,safe
fish,small,turkey meal,"turkey, vitamins, minerals",turkey based nutritious meal suitable for fish (small) providing essential proteins vitamins and minerals.,safe
fish,small,brown rice meal,"brown rice, vitamins, minerals",brown rice based nutritious meal suitable for fish (small) providing essential proteins vitamins and minerals.,safe
fish,small,broccoli meal,"broccoli, vitamins, minerals",broccoli based nutritious meal suitable for fish (small) providing essential proteins vitamins and minerals.,safe
fish,small,peas meal,"peas, vitamins, minerals",peas based nutritious meal suitable for fish (small) providing essential proteins vitamins and minerals.,safe
fish,small,spinach meal,"spinach, vitamins, minerals",spinach based nutritious meal suitable for fish (small) providing essential proteins vitamins and minerals.,safe
fish,small,spinach meal,"spinach, vitamins, minerals",spinach based nutritious meal suitable for fish (small) providing essential proteins vitamins and minerals.,safe
fish,small,turkey meal,"turkey, vitamins, minerals",turkey based nutritious meal suitable for fish (small) providing essential proteins vitamins and minerals.,safe
fish,small,fish meal meal,"fish meal, vitamins, minerals",fish meal based nutritious meal suitable for fish (small) providing essential proteins vitamins and minerals.,safe
fish,small,duck meal,"duck, vitamins, minerals",duck based nutritious meal suitable for fish (small) providing essential proteins vitamins and minerals.,safe
fish,small,fish meal meal,"fish meal, vitamins, minerals",fish meal based nutritious meal suitable for fish (small) providing essential proteins vitamins and minerals.,safe
fish,small,tuna meal,"tuna, vitamins, minerals",tuna based nutritious meal suitable for fish (small) providing essential proteins vitamins and minerals.,safe
fish,small,turkey meal,"turkey, vitamins, minerals",turkey based nutritious meal suitable for fish (small) providing essential proteins vitamins and minerals.,safe
fish,small,tuna meal,"tuna, vitamins, minerals",tuna based nutritious meal suitable for fish (small) providing essential proteins vitamins and minerals.,safe
fish,small,sunflower seeds meal,"sunflower seeds, vitamins, minerals",sunflower seeds based nutritious meal suitable for fish (small) providing essential proteins vitamins and minerals.,safe
fish,small,turkey meal,"turkey, vitamins, minerals",turkey based nutritious meal suitable for fish (small) providing essential proteins vitamins and minerals.,safe
fish,small,duck meal,"duck, vitamins, minerals",duck based nutritious meal suitable for fish (small) providing essential proteins vitamins and minerals.,safe
fish,small,duck meal,"duck, vitamins, minerals",duck based nutritious meal suitable for fish (small) providing essential proteins vitamins and minerals.,safe
fish,small,spinach meal,"spinach, vitamins, minerals",spinach based nutritious meal suitable for fish (small) providing essential proteins vitamins and minerals.,safe
fish,small,egg meal,"egg, vitamins, minerals",egg based nutritious meal suitable for fish (small) providing essential proteins vitamins and minerals.,safe
fish,small,brown rice meal,"brown rice, vitamins, minerals",brown rice based nutritious meal suitable for fish (small) providing essential proteins vitamins and minerals.,safe
fish,small,spinach meal,"spinach, vitamins, minerals",spinach based nutritious meal suitable for fish (small) providing essential proteins vitamins and minerals.,safe
fish,small,salmon meal,"salmon, vitamins, minerals",salmon based nutritious meal suitable for fish (small) providing essential proteins vitamins and minerals.,safe
fish,small,carrot meal,"carrot, vitamins, minerals",carrot based nutritious meal suitable for fish (small) providing essential proteins vitamins and minerals.,safe
fish,small,peas meal,"peas, vitamins, minerals",peas based nutritious meal suitable for fish (small) providing essential proteins vitamins and minerals.,safe
fish,small,sweet potato meal,"sweet potato, vitamins, minerals",sweet potato based nutritious meal suitable for fish (small) providing essential proteins vitamins and minerals.,safe
fish,small,salmon meal,"salmon, vitamins, minerals",salmon based nutritious meal suitable for fish (small) providing essential proteins vitamins and minerals.,safe
fish,small,peas meal,"peas, vitamins, minerals",peas based nutritious meal suitable for fish (small) providing essential proteins vitamins and minerals.,safe
fish,small,carrot meal,"carrot, vitamins, minerals",carrot based nutritious meal suitable for fish (small) providing essential proteins vitamins and minerals.,safe
fish,small,tuna meal,"tuna, vitamins, minerals",tuna based nutritious meal suitable for fish (small) providing essential proteins vitamins and minerals.,safe
fish,small,millet meal,"millet, vitamins, minerals",millet based nutritious meal suitable for fish (small) providing essential proteins vitamins and minerals.,safe
fish,small,sweet potato meal,"sweet potato, vitamins, minerals",sweet potato based nutritious meal suitable for fish (small) providing essential proteins vitamins and minerals.,safe
fish,small,duck meal,"duck, vitamins, minerals",duck based nutritious meal suitable for fish (small) providing essential proteins vitamins and minerals.,safe
fish,small,spinach meal,"spinach, vitamins, minerals",spinach based nutritious meal suitable for fish (small) providing essential proteins vitamins and minerals.,safe
fish,small,turkey meal,"turkey, vitamins, minerals",turkey based nutritious meal suitable for fish (small) providing essential proteins vitamins and minerals.,safe
fish,small,tuna meal,"tuna, vitamins, minerals",tuna based nutritious meal suitable for fish (small) providing essential proteins vitamins and minerals.,safe
fish,small,honey snack,"honey, wheat, corn",honey based food occasionally acceptable for fish (small) but should be given in limited quantities.,moderate
fish,small,banana snack,"banana, wheat, corn",banana based food occasionally acceptable for fish (small) but should be given in limited quantities.,moderate
fish,small,peanut butter snack,"peanut butter, wheat, corn",peanut butter based food occasionally acceptable for fish (small) but should be given in limited quantities.,moderate
fish,small,cheese snack,"cheese, wheat, corn",cheese based food occasionally acceptable for fish (small) but should be given in limited quantities.,moderate
fish,small,barley snack,"barley, wheat, corn",barley based food occasionally acceptable for fish (small) but should be given in limited quantities.,moderate
fish,small,peanut butter snack,"peanut butter, wheat, corn",peanut butter based food occasionally acceptable for fish (small) but should be given in limited quantities.,moderate
fish,small,wheat snack,"wheat, wheat, corn",wheat based food occasionally acceptable for fish (small) but should be given in limited quantities.,moderate
fish,small,apple snack,"apple, wheat, corn",apple based food occasionally acceptable for fish (small) but should be given in limited quantities.,moderate
fish,small,honey snack,"honey, wheat, corn",honey based food occasionally acceptable for fish (small) but should be given in limited quantities.,moderate
fish,small,wheat snack,"wheat, wheat, corn",wheat based food occasionally acceptable for fish (small) but should be given in limited quantities.,moderate
fish,small,cheese snack,"cheese, wheat, corn",cheese based food occasionally acceptable for fish (small) but should be given in limited quantities.,moderate
fish,small,banana snack,"banana, wheat, corn",banana based food occasionally acceptable for fish (small) but should be given in limited quantities.,moderate
fish,small,peanut butter snack,"peanut butter, wheat, corn",peanut butter based food occasionally acceptable for fish (small) but should be given in limited quantities.,moderate
fish,small,potato snack,"potato, wheat, corn",potato based food occasionally acceptable for fish (small) but should be given in limited quantities.,moderate
fish,small,bread snack,"bread, wheat, corn",bread based food occasionally acceptable for fish (small) but should be given in limited quantities.,moderate
fish,small,apple snack,"apple, wheat, corn",apple based food occasionally acceptable for fish (small) but should be given in limited quantities.,moderate
fish,small,milk snack,"milk, wheat, corn",milk based food occasionally acceptable for fish (small) but should be given in limited quantities.,moderate
fish,small,barley snack,"barley, wheat, corn",barley based food occasionally acceptable for fish (small) but should be given in limited quantities.,moderate
fish,small,apple snack,"apple, wheat, corn",apple based food occasionally acceptable for fish (small) but should be given in limited quantities.,moderate
fish,small,milk snack,"milk, wheat, corn",milk based food occasionally acceptable for fish (small) but should be given in limited quantities.,moderate
fish,small,cheese snack,"cheese, wheat, corn",cheese based food occasionally acceptable for fish (small) but should be given in limited quantities.,moderate
fish,small,apple snack,"apple, wheat, corn",apple based food occasionally acceptable for fish (small) but should be given in limited quantities.,moderate
fish,small,mango snack,"mango, wheat, corn",mango based food occasionally acceptable for fish (small) but should be given in limited quantities.,moderate
fish,small,peanut butter snack,"peanut butter, wheat, corn",peanut butter based food occasionally acceptable for fish (small) but should be given in limited quantities.,moderate
fish,small,soybean snack,"soybean, wheat, corn",soybean based food occasionally acceptable for fish (small) but should be given in limited quantities.,moderate
fish,small,barley snack,"barley, wheat, corn",barley based food occasionally acceptable for fish (small) but should be given in limited quantities.,moderate
fish,small,apple snack,"apple, wheat, corn",apple based food occasionally acceptable for fish (small) but should be given in limited quantities.,moderate
fish,small,mango snack,"mango, wheat, corn",mango based food occasionally acceptable for fish (small) but should be given in limited quantities.,moderate
fish,small,banana snack,"banana, wheat, corn",banana based food occasionally acceptable for fish (small) but should be given in limited quantities.,moderate
fish,small,honey snack,"honey, wheat, corn",honey based food occasionally acceptable for fish (small) but should be given in limited quantities.,moderate
fish,small,yogurt snack,"yogurt, wheat, corn",yogurt based food occasionally acceptable for fish (small) but should be given in limited quantities.,moderate
fish,small,coconut snack,"coconut, wheat, corn",coconut based food occasionally acceptable for fish (small) but should be given in limited quantities.,moderate
fish,small,corn snack,"corn, wheat, corn",corn based food occasionally acceptable for fish (small) but should be given in limited quantities.,moderate
fish,small,corn snack,"corn, wheat, corn",corn based food occasionally acceptable for fish (small) but should be given in limited quantities.,moderate
fish,small,apple snack,"apple, wheat, corn",apple based food occasionally acceptable for fish (small) but should be given in limited quantities.,moderate
fish,small,yogurt snack,"yogurt, wheat, corn",yogurt based food occasionally acceptable for fish (small) but should be given in limited quantities.,moderate
fish,small,corn snack,"corn, wheat, corn",corn based food occasionally acceptable for fish (small) but should be given in limited quantities.,moderate
fish,small,potato snack,"potato, wheat, corn",potato based food occasionally acceptable for fish (small) but should be given in limited quantities.,moderate
fish,small,honey snack,"honey, wheat, corn",honey based food occasionally acceptable for fish (small) but should be given in limited quantities.,moderate
fish,small,corn snack,"corn, wheat, corn",corn based food occasionally acceptable for fish (small) but should be given in limited quantities.,moderate
fish,small,corn snack,"corn, wheat, corn",corn based food occasionally acceptable for fish (small) but should be given in limited quantities.,moderate
fish,small,potato snack,"potato, wheat, corn",potato based food occasionally acceptable for fish (small) but should be given in limited quantities.,moderate
fish,small,mango snack,"mango, wheat, corn",mango based food occasionally acceptable for fish (small) but should be given in limited quantities.,moderate
fish,small,honey snack,"honey, wheat, corn",honey based food occasionally acceptable for fish (small) but should be given in limited quantities.,moderate
fish,small,milk snack,"milk, wheat, corn",milk based food occasionally acceptable for fish (small) but should be given in limited quantities.,moderate
fish,small,barley snack,"barley, wheat, corn",barley based food occasionally acceptable for fish (small) but should be given in limited quantities.,moderate
fish,small,soybean snack,"soybean, wheat, corn",soybean based food occasionally acceptable for fish (small) but should be given in limited quantities.,moderate
fish,small,bread snack,"bread, wheat, corn",bread based food occasionally acceptable for fish (small) but should be given in limited quantities.,moderate
fish,small,coconut snack,"coconut, wheat, corn",coconut based food occasionally acceptable for fish (small) but should be given in limited quantities.,moderate
fish,small,mango snack,"mango, wheat, corn",mango based food occasionally acceptable for fish (small) but should be given in limited quantities.,moderate
fish,small,milk snack,"milk, wheat, corn",milk based food occasionally acceptable for fish (small) but should be given in limited quantities.,moderate
fish,small,apple snack,"apple, wheat, corn",apple based food occasionally acceptable for fish (small) but should be given in limited quantities.,moderate
fish,small,corn snack,"corn, wheat, corn",corn based food occasionally acceptable for fish (small) but should be given in limited quantities.,moderate
fish,small,potato snack,"potato, wheat, corn",potato based food occasionally acceptable for fish (small) but should be given in limited quantities.,moderate
fish,small,peanut butter snack,"peanut butter, wheat, corn",peanut butter based food occasionally acceptable for fish (small) but should be given in limited quantities.,moderate
fish,small,peanut butter snack,"peanut butter, wheat, corn",peanut butter based food occasionally acceptable for fish (small) but should be given in limited quantities.,moderate
fish,small,honey snack,"honey, wheat, corn",honey based food occasionally acceptable for fish (small) but should be given in limited quantities.,moderate
fish,small,milk snack,"milk, wheat, corn",milk based food occasionally acceptable for fish (small) but should be given in limited quantities.,moderate
fish,small,corn snack,"corn, wheat, corn",corn based food occasionally acceptable for fish (small) but should be given in limited quantities.,moderate
fish,small,coconut snack,"coconut, wheat, corn",coconut based food occasionally acceptable for fish (small) but should be given in limited quantities.,moderate
fish,small,bread snack,"bread, wheat, corn",bread based food occasionally acceptable for fish (small) but should be given in limited quantities.,moderate
fish,small,banana snack,"banana, wheat, corn",banana based food occasionally acceptable for fish (small) but should be given in limited quantities.,moderate
fish,small,honey snack,"honey, wheat, corn",honey based food occasionally acceptable for fish (small) but should be given in limited quantities.,moderate
fish,small,mango snack,"mango, wheat, corn",mango based food occasionally acceptable for fish (small) but should be given in limited quantities.,moderate
fish,small,peanut butter snack,"peanut butter, wheat, corn",peanut butter based food occasionally acceptable for fish (small) but should be given in limited quantities.,moderate
fish,small,yogurt snack,"yogurt, wheat, corn",yogurt based food occasionally acceptable for fish (small) but should be given in limited quantities.,moderate
fish,small,bread snack,"bread, wheat, corn",bread based food occasionally acceptable for fish (small) but should be given in limited quantities.,moderate
fish,small,banana snack,"banana, wheat, corn",banana based food occasionally acceptable for fish (small) but should be given in limited quantities.,moderate
fish,small,banana snack,"banana, wheat, corn",banana based food occasionally acceptable for fish (small) but should be given in limited quantities.,moderate
fish,small,barley snack,"barley, wheat, corn",barley based food occasionally acceptable for fish (small) but should be given in limited quantities.,moderate
fish,small,corn snack,"corn, wheat, corn",corn based food occasionally acceptable for fish (small) but should be given in limited quantities.,moderate
fish,small,honey snack,"honey, wheat, corn",honey based food occasionally acceptable for fish (small) but should be given in limited quantities.,moderate
fish,small,mango snack,"mango, wheat, corn",mango based food occasionally acceptable for fish (small) but should be given in limited quantities.,moderate
fish,small,mango snack,"mango, wheat, corn",mango based food occasionally acceptable for fish (small) but should be given in limited quantities.,moderate
fish,small,cheese snack,"cheese, wheat, corn",cheese based food occasionally acceptable for fish (small) but should be given in limited quantities.,moderate
fish,small,cheese snack,"cheese, wheat, corn",cheese based food occasionally acceptable for fish (small) but should be given in limited quantities.,moderate
fish,small,honey snack,"honey, wheat, corn",honey based food occasionally acceptable for fish (small) but should be given in limited quantities.,moderate
fish,small,cheese snack,"cheese, wheat, corn",cheese based food occasionally acceptable for fish (small) but should be given in limited quantities.,moderate
fish,small,cheese snack,"cheese, wheat, corn",cheese based food occasionally acceptable for fish (small) but should be given in limited quantities.,moderate
fish,small,mango snack,"mango, wheat, corn",mango based food occasionally acceptable for fish (small) but should be given in limited quantities.,moderate
fish,small,coconut snack,"coconut, wheat, corn",coconut based food occasionally acceptable for fish (small) but should be given in limited quantities.,moderate
fish,small,apple snack,"apple, wheat, corn",apple based food occasionally acceptable for fish (small) but should be given in limited quantities.,moderate
fish,small,banana snack,"banana, wheat, corn",banana based food occasionally acceptable for fish (small) but should be given in limited quantities.,moderate
fish,small,peanut butter snack,"peanut butter, wheat, corn",peanut butter based food occasionally acceptable for fish (small) but should be given in limited quantities.,moderate
fish,small,milk snack,"milk, wheat, corn",milk based food occasionally acceptable for fish (small) but should be given in limited quantities.,moderate
fish,small,apple snack,"apple, wheat, corn",apple based food occasionally acceptable for fish (small) but should be given in limited quantities.,moderate
fish,small,honey snack,"honey, wheat, corn",honey based food occasionally acceptable for fish (small) but should be given in limited quantities.,moderate
fish,small,yogurt snack,"yogurt, wheat, corn",yogurt based food occasionally acceptable for fish (small) but should be given in limited quantities.,moderate
fish,small,cheese snack,"cheese, wheat, corn",cheese based food occasionally acceptable for fish (small) but should be given in limited quantities.,moderate
fish,small,apple snack,"apple, wheat, corn",apple based food occasionally acceptable for fish (small) but should be given in limited quantities.,moderate
fish,small,mango snack,"mango, wheat, corn",mango based food occasionally acceptable for fish (small) but should be given in limited quantities.,moderate
fish,small,honey snack,"honey, wheat, corn",honey based food occasionally acceptable for fish (small) but should be given in limited quantities.,moderate
fish,small,soybean snack,"soybean, wheat, corn",soybean based food occasionally acceptable for fish (small) but should be given in limited quantities.,moderate
fish,small,cheese snack,"cheese, wheat, corn",cheese based food occasionally acceptable for fish (small) but should be given in limited quantities.,moderate
fish,small,mango snack,"mango, wheat, corn",mango based food occasionally acceptable for fish (small) but should be given in limited quantities.,moderate
fish,small,wheat snack,"wheat, wheat, corn",wheat based food occasionally acceptable for fish (small) but should be given in limited quantities.,moderate
fish,small,soybean snack,"soybean, wheat, corn",soybean based food occasionally acceptable for fish (small) but should be given in limited quantities.,moderate
fish,small,cheese snack,"cheese, wheat, corn",cheese based food occasionally acceptable for fish (small) but should be given in limited quantities.,moderate
fish,small,coconut snack,"coconut, wheat, corn",coconut based food occasionally acceptable for fish (small) but should be given in limited quantities.,moderate
fish,small,corn snack,"corn, wheat, corn",corn based food occasionally acceptable for fish (small) but should be given in limited quantities.,moderate
fish,small,avocado food,"avocado, additives",avocado containing product that may be harmful or toxic for fish (small) and should be avoided.,unsafe
fish,small,macadamia nuts food,"macadamia nuts, additives",macadamia nuts containing product that may be harmful or toxic for fish (small) and should be avoided.,unsafe
fish,small,caffeine food,"caffeine, additives",caffeine containing product that may be harmful or toxic for fish (small) and should be avoided.,unsafe
fish,small,caffeine food,"caffeine, additives",caffeine containing product that may be harmful or toxic for fish (small) and should be avoided.,unsafe
fish,small,grapes food,"grapes, additives",grapes containing product that may be harmful or toxic for fish (small) and should be avoided.,unsafe
fish,small,soap food,"soap, additives",soap containing product that may be harmful or toxic for fish (small) and should be avoided.,unsafe
fish,small,grapes food,"grapes, additives",grapes containing product that may be harmful or toxic for fish (small) and should be avoided.,unsafe
fish,small,onion food,"onion, additives",onion containing product that may be harmful or toxic for fish (small) and should be avoided.,unsafe
fish,small,alcohol food,"alcohol, additives",alcohol containing product that may be harmful or toxic for fish (small) and should be avoided.,unsafe
fish,small,caffeine food,"caffeine, additives",caffeine containing product that may be harmful or toxic for fish (small) and should be avoided.,unsafe
fish,small,xylitol food,"xylitol, additives",xylitol containing product that may be harmful or toxic for fish (small) and should be avoided.,unsafe
fish,small,alcohol food,"alcohol, additives",alcohol containing product that may be harmful or toxic for fish (small) and should be avoided.,unsafe
fish,small,alcohol food,"alcohol, additives",alcohol containing product that may be harmful or toxic for fish (small) and should be avoided.,unsafe
fish,small,soap food,"soap, additives",soap containing product that may be harmful or toxic for fish (small) and should be avoided.,unsafe
fish,small,onion food,"onion, additives",onion containing product that may be harmful or toxic for fish (small) and should be avoided.,unsafe
fish,small,oil residue food,"oil residue, additives",oil residue containing product that may be harmful or toxic for fish (small) and should be avoided.,unsafe
fish,small,raisins food,"raisins, additives",raisins containing product that may be harmful or toxic for fish (small) and should be avoided.,unsafe
fish,small,alcohol food,"alcohol, additives",alcohol containing product that may be harmful or toxic for fish (small) and should be avoided.,unsafe
fish,small,raisins food,"raisins, additives",raisins containing product that may be harmful or toxic for fish (small) and should be avoided.,unsafe
fish,small,oil residue food,"oil residue, additives",oil residue containing product that may be harmful or toxic for fish (small) and should be avoided.,unsafe
fish,small,xylitol food,"xylitol, additives",xylitol containing product that may be harmful or toxic for fish (small) and should be avoided.,unsafe
fish,small,alcohol food,"alcohol, additives",alcohol containing product that may be harmful or toxic for fish (small) and should be avoided.,unsafe
fish,small,raisins food,"raisins, additives",raisins containing product that may be harmful or toxic for fish (small) and should be avoided.,unsafe
fish,small,detergent food,"detergent, additives",detergent containing product that may be harmful or toxic for fish (small) and should be avoided.,unsafe
fish,small,onion food,"onion, additives",onion containing product that may be harmful or toxic for fish (small) and should be avoided.,unsafe
fish,small,alcohol food,"alcohol, additives",alcohol containing product that may be harmful or toxic for fish (small) and should be avoided.,unsafe
fish,small,caffeine food,"caffeine, additives",caffeine containing product that may be harmful or toxic for fish (small) and should be avoided.,unsafe
fish,small,chocolate food,"chocolate, additives",chocolate containing product that may be harmful or toxic for fish (small) and should be avoided.,unsafe
fish,small,alcohol food,"alcohol, additives",alcohol containing product that may be harmful or toxic for fish (small) and should be avoided.,unsafe
fish,small,ammonia food,"ammonia, additives",ammonia containing product that may be harmful or toxic for fish (small) and should be avoided.,unsafe
fish,small,raisins food,"raisins, additives",raisins containing product that may be harmful or toxic for fish (small) and should be avoided.,unsafe
fish,small,oil residue food,"oil residue, additives",oil residue containing product that may be harmful or toxic for fish (small) and should be avoided.,unsafe
fish,small,avocado food,"avocado, additives",avocado containing product that may be harmful or toxic for fish (small) and should be avoided.,unsafe
fish,small,onion food,"onion, additives",onion containing product that may be harmful or toxic for fish (small) and should be avoided.,unsafe
fish,small,macadamia nuts food,"macadamia nuts, additives",macadamia nuts containing product that may be harmful or toxic for fish (small) and should be avoided.,unsafe
fish,small,garlic food,"garlic, additives",garlic containing product that may be harmful or toxic for fish (small) and should be avoided.,unsafe
fish,small,macadamia nuts food,"macadamia nuts, additives",macadamia nuts containing product that may be harmful or toxic for fish (small) and should be avoided.,unsafe
fish,small,onion food,"onion, additives",onion containing product that may be harmful or toxic for fish (small) and should be avoided.,unsafe
fish,small,garlic food,"garlic, additives",garlic containing product that may be harmful or toxic for fish (small) and should be avoided.,unsafe
fish,small,raisins food,"raisins, additives",raisins containing product that may be harmful or toxic for fish (small) and should be avoided.,unsafe
fish,small,raisins food,"raisins, additives",raisins containing product that may be harmful or toxic for fish (small) and should be avoided.,unsafe
fish,small,grapes food,"grapes, additives",grapes containing product that may be harmful or toxic for fish (small) and should be avoided.,unsafe
fish,small,raisins food,"raisins, additives",raisins containing product that may be harmful or toxic for fish (small) and should be avoided.,unsafe
fish,small,alcohol food,"alcohol, additives",alcohol containing product that may be harmful or toxic for fish (small) and should be avoided.,unsafe
fish,small,avocado food,"avocado, additives",avocado containing product that may be harmful or toxic for fish (small) and should be avoided.,unsafe
fish,small,grapes food,"grapes, additives",grapes containing product that may be harmful or toxic for fish (small) and should be avoided.,unsafe
fish,small,xylitol food,"xylitol, additives",xylitol containing product that may be harmful or toxic for fish (small) and should be avoided.,unsafe
fish,small,garlic food,"garlic, additives",garlic containing product that may be harmful or toxic for fish (small) and should be avoided.,unsafe
fish,small,salt overdose food,"salt overdose, additives",salt overdose containing product that may be harmful or toxic for fish (small) and should be avoided.,unsafe
fish,small,salt overdose food,"salt overdose, additives",salt overdose containing product that may be harmful or toxic for fish (small) and should be avoided.,unsafe
fish,small,garlic food,"garlic, additives",garlic containing product that may be harmful or toxic for fish (small) and should be avoided.,unsafe
fish,small,garlic food,"garlic, additives",garlic containing product that may be harmful or toxic for fish (small) and should be avoided.,unsafe
fish,small,alcohol food,"alcohol, additives",alcohol containing product that may be harmful or toxic for fish (small) and should be avoided.,unsafe
fish,small,xylitol food,"xylitol, additives",xylitol containing product that may be harmful or toxic for fish (small) and should be avoided.,unsafe
fish,small,onion food,"onion, additives",onion containing product that may be harmful or toxic for fish (small) and should be avoided.,unsafe
fish,small,oil residue food,"oil residue, additives",oil residue containing product that may be harmful or toxic for fish (small) and should be avoided.,unsafe
fish,small,ammonia food,"ammonia, additives",ammonia containing product that may be harmful or toxic for fish (small) and should be avoided.,unsafe
fish,small,raisins food,"raisins, additives",raisins containing product that may be harmful or toxic for fish (small) and should be avoided.,unsafe
fish,small,grapes food,"grapes, additives",grapes containing product that may be harmful or toxic for fish (small) and should be avoided.,unsafe
fish,small,oil residue food,"oil residue, additives",oil residue containing product that may be harmful or toxic for fish (small) and should be avoided.,unsafe
fish,small,raisins food,"raisins, additives",raisins containing product that may be harmful or toxic for fish (small) and should be avoided.,unsafe
fish,small,raisins food,"raisins, additives",raisins containing product that may be harmful or toxic for fish (small) and should be avoided.,unsafe
fish,small,detergent food,"detergent, additives",detergent containing product that may be harmful or toxic for fish (small) and should be avoided.,unsafe
fish,small,avocado food,"avocado, additives",avocado containing product that may be harmful or toxic for fish (small) and should be avoided.,unsafe
fish,small,chocolate food,"chocolate, additives",chocolate containing product that may be harmful or toxic for fish (small) and should be avoided.,unsafe
fish,small,detergent food,"detergent, additives",detergent containing product that may be harmful or toxic for fish (small) and should be avoided.,unsafe
fish,small,onion food,"onion, additives",onion containing product that may be harmful or toxic for fish (small) and should be avoided.,unsafe
fish,small,grapes food,"grapes, additives",grapes containing product that may be harmful or toxic for fish (small) and should be avoided.,unsafe
fish,small,raisins food,"raisins, additives",raisins containing product that may be harmful or toxic for fish (small) and should be avoided.,unsafe
fish,small,grapes food,"grapes, additives",grapes containing product that may be harmful or toxic for fish (small) and should be avoided.,unsafe
fish,small,soap food,"soap, additives",soap containing product that may be harmful or toxic for fish (small) and should be avoided.,unsafe
fish,small,macadamia nuts food,"macadamia nuts, additives",macadamia nuts containing product that may be harmful or toxic for fish (small) and should be avoided.,unsafe
fish,small,ammonia food,"ammonia, additives",ammonia containing product that may be harmful or toxic for fish (small) and should be avoided.,unsafe
fish,small,garlic food,"garlic, additives",garlic containing product that may be harmful or toxic for fish (small) and should be avoided.,unsafe
fish,small,ammonia food,"ammonia, additives",ammonia containing product that may be harmful or toxic for fish (small) and should be avoided.,unsafe
fish,small,garlic food,"garlic, additives",garlic containing product that may be harmful or toxic for fish (small) and should be avoided.,unsafe
fish,small,onion food,"onion, additives",onion containing product that may be harmful or toxic for fish (small) and should be avoided.,unsafe
fish,small,onion food,"onion, additives",onion containing product that may be harmful or toxic for fish (small) and should be avoided.,unsafe
fish,small,xylitol food,"xylitol, additives",xylitol containing product that may be harmful or toxic for fish (small) and should be avoided.,unsafe
fish,small,ammonia food,"ammonia, additives",ammonia containing product that may be harmful or toxic for fish (small) and should be avoided.,unsafe
fish,small,macadamia nuts food,"macadamia nuts, additives",macadamia nuts containing product that may be harmful or toxic for fish (small) and should be avoided.,unsafe
fish,small,xylitol food,"xylitol, additives",xylitol containing product that may be harmful or toxic for fish (small) and should be avoided.,unsafe
fish,small,macadamia nuts food,"macadamia nuts, additives",macadamia nuts containing product that may be harmful or toxic for fish (small) and should be avoided.,unsafe
fish,small,alcohol food,"alcohol, additives",alcohol containing product that may be harmful or toxic for fish (small) and should be avoided.,unsafe
fish,small,garlic food,"garlic, additives",garlic containing product that may be harmful or toxic for fish (small) and should be avoided.,unsafe
fish,small,onion food,"onion, additives",onion containing product that may be harmful or toxic for fish (small) and should be avoided.,unsafe
fish,small,detergent food,"detergent, additives",detergent containing product that may be harmful or toxic for fish (small) and should be avoided.,unsafe
fish,small,alcohol food,"alcohol, additives",alcohol containing product that may be harmful or toxic for fish (small) and should be avoided.,unsafe
fish,small,raisins food,"raisins, additives",raisins containing product that may be harmful or toxic for fish (small) and should be avoided.,unsafe
fish,small,garlic food,"garlic, additives",garlic containing product that may be harmful or toxic for fish (small) and should be avoided.,unsafe
fish,small,ammonia food,"ammonia, additives",ammonia containing product that may be harmful or toxic for fish (small) and should be avoided.,unsafe
fish,small,oil residue food,"oil residue, additives",oil residue containing product that may be harmful or toxic for fish (small) and should be avoided.,unsafe
fish,small,raisins food,"raisins, additives",raisins containing product that may be harmful or toxic for fish (small) and should be avoided.,unsafe
fish,small,caffeine food,"caffeine, additives",caffeine containing product that may be harmful or toxic for fish (small) and should be avoided.,unsafe
fish,small,grapes food,"grapes, additives",grapes containing product that may be harmful or toxic for fish (small) and should be avoided.,unsafe
fish,small,chocolate food,"chocolate, additives",chocolate containing product that may be harmful or toxic for fish (small) and should be avoided.,unsafe
fish,small,ammonia food,"ammonia, additives",ammonia containing product that may be harmful or toxic for fish (small) and should be avoided.,unsafe
fish,small,grapes food,"grapes, additives",grapes containing product that may be harmful or toxic for fish (small) and should be avoided.,unsafe
fish,small,caffeine food,"caffeine, additives",caffeine containing product that may be harmful or toxic for fish (small) and should be avoided.,unsafe
fish,small,onion food,"onion, additives",onion containing product that may be harmful or toxic for fish (small) and should be avoided.,unsafe
fish,big,pumpkin meal,"pumpkin, vitamins, minerals",pumpkin based nutritious meal suitable for fish (big) providing essential proteins vitamins and minerals.,safe
fish,big,chicken meal,"chicken, vitamins, minerals",chicken based nutritious meal suitable for fish (big) providing essential proteins vitamins and minerals.,safe
fish,big,peas meal,"peas, vitamins, minerals",peas based nutritious meal suitable for fish (big) providing essential proteins vitamins and minerals.,safe
fish,big,turkey meal,"turkey, vitamins, minerals",turkey based nutritious meal suitable for fish (big) providing essential proteins vitamins and minerals.,safe
fish,big,carrot meal,"carrot, vitamins, minerals",carrot based nutritious meal suitable for fish (big) providing essential proteins vitamins and minerals.,safe
fish,big,chicken meal,"chicken, vitamins, minerals",chicken based nutritious meal suitable for fish (big) providing essential proteins vitamins and minerals.,safe
fish,big,salmon meal,"salmon, vitamins, minerals",salmon based nutritious meal suitable for fish (big) providing essential proteins vitamins and minerals.,safe
fish,big,rice meal,"rice, vitamins, minerals",rice based nutritious meal suitable for fish (big) providing essential proteins vitamins and minerals.,safe
fish,big,sweet potato meal,"sweet potato, vitamins, minerals",sweet potato based nutritious meal suitable for fish (big) providing essential proteins vitamins and minerals.,safe
fish,big,peas meal,"peas, vitamins, minerals",peas based nutritious meal suitable for fish (big) providing essential proteins vitamins and minerals.,safe
fish,big,carrot meal,"carrot, vitamins, minerals",carrot based nutritious meal suitable for fish (big) providing essential proteins vitamins and minerals.,safe
fish,big,tuna meal,"tuna, vitamins, minerals",tuna based nutritious meal suitable for fish (big) providing essential proteins vitamins and minerals.,safe
fish,big,peas meal,"peas, vitamins, minerals",peas based nutritious meal suitable for fish (big) providing essential proteins vitamins and minerals.,safe
fish,big,lamb meal,"lamb, vitamins, minerals",lamb based nutritious meal suitable for fish (big) providing essential proteins vitamins and minerals.,safe
fish,big,carrot meal,"carrot, vitamins, minerals",carrot based nutritious meal suitable for fish (big) providing essential proteins vitamins and minerals.,safe
fish,big,fish meal meal,"fish meal, vitamins, minerals",fish meal based nutritious meal suitable for fish (big) providing essential proteins vitamins and minerals.,safe
fish,big,turkey meal,"turkey, vitamins, minerals",turkey based nutritious meal suitable for fish (big) providing essential proteins vitamins and minerals.,safe
fish,big,sweet potato meal,"sweet potato, vitamins, minerals",sweet potato based nutritious meal suitable for fish (big) providing essential proteins vitamins and minerals.,safe
fish,big,turkey meal,"turkey, vitamins, minerals",turkey based nutritious meal suitable for fish (big) providing essential proteins vitamins and minerals.,safe
fish,big,chicken meal,"chicken, vitamins, minerals",chicken based nutritious meal suitable for fish (big) providing essential proteins vitamins and minerals.,safe
fish,big,chicken meal,"chicken, vitamins, minerals",chicken based nutritious meal suitable for fish (big) providing essential proteins vitamins and minerals.,safe
fish,big,pumpkin meal,"pumpkin, vitamins, minerals",pumpkin based nutritious meal suitable for fish (big) providing essential proteins vitamins and minerals.,safe
fish,big,duck meal,"duck, vitamins, minerals",duck based nutritious meal suitable for fish (big) providing essential proteins vitamins and minerals.,safe
fish,big,spinach meal,"spinach, vitamins, minerals",spinach based nutritious meal suitable for fish (big) providing essential proteins vitamins and minerals.,safe
fish,big,peas meal,"peas, vitamins, minerals",peas based nutritious meal suitable for fish (big) providing essential proteins vitamins and minerals.,safe
fish,big,carrot meal,"carrot, vitamins, minerals",carrot based nutritious meal suitable for fish (big) providing essential proteins vitamins and minerals.,safe
fish,big,sunflower seeds meal,"sunflower seeds, vitamins, minerals",sunflower seeds based nutritious meal suitable for fish (big) providing essential proteins vitamins and minerals.,safe
fish,big,tuna meal,"tuna, vitamins, minerals",tuna based nutritious meal suitable for fish (big) providing essential proteins vitamins and minerals.,safe
fish,big,chicken meal,"chicken, vitamins, minerals",chicken based nutritious meal suitable for fish (big) providing essential proteins vitamins and minerals.,safe
fish,big,oats meal,"oats, vitamins, minerals",oats based nutritious meal suitable for fish (big) providing essential proteins vitamins and minerals.,safe
fish,big,millet meal,"millet, vitamins, minerals",millet based nutritious meal suitable for fish (big) providing essential proteins vitamins and minerals.,safe
fish,big,salmon meal,"salmon, vitamins, minerals",salmon based nutritious meal suitable for fish (big) providing essential proteins vitamins and minerals.,safe
fish,big,carrot meal,"carrot, vitamins, minerals",carrot based nutritious meal suitable for fish (big) providing essential proteins vitamins and minerals.,safe
fish,big,carrot meal,"carrot, vitamins, minerals",carrot based nutritious meal suitable for fish (big) providing essential proteins vitamins and minerals.,safe
fish,big,lamb meal,"lamb, vitamins, minerals",lamb based nutritious meal suitable for fish (big) providing essential proteins vitamins and minerals.,safe
fish,big,pumpkin meal,"pumpkin, vitamins, minerals",pumpkin based nutritious meal suitable for fish (big) providing essential proteins vitamins and minerals.,safe
fish,big,spinach meal,"spinach, vitamins, minerals",spinach based nutritious meal suitable for fish (big) providing essential proteins vitamins and minerals.,safe
fish,big,pumpkin meal,"pumpkin, vitamins, minerals",pumpkin based nutritious meal suitable for fish (big) providing essential proteins vitamins and minerals.,safe
fish,big,fish meal meal,"fish meal, vitamins, minerals",fish meal based nutritious meal suitable for fish (big) providing essential proteins vitamins and minerals.,safe
fish,big,oats meal,"oats, vitamins, minerals",oats based nutritious meal suitable for fish (big) providing essential proteins vitamins and minerals.,safe
fish,big,broccoli meal,"broccoli, vitamins, minerals",broccoli based nutritious meal suitable for fish (big) providing essential proteins vitamins and minerals.,safe
fish,big,salmon meal,"salmon, vitamins, minerals",salmon based nutritious meal suitable for fish (big) providing essential proteins vitamins and minerals.,safe
fish,big,sunflower seeds meal,"sunflower seeds, vitamins, minerals",sunflower seeds based nutritious meal suitable for fish (big) providing essential proteins vitamins and minerals.,safe
fish,big,chicken meal,"chicken, vitamins, minerals",chicken based nutritious meal suitable for fish (big) providing essential proteins vitamins and minerals.,safe
fish,big,sunflower seeds meal,"sunflower seeds, vitamins, minerals",sunflower seeds based nutritious meal suitable for fish (big) providing essential proteins vitamins and minerals.,safe
fish,big,egg meal,"egg, vitamins, minerals",egg based nutritious meal suitable for fish (big) providing essential proteins vitamins and minerals.,safe
fish,big,fish meal meal,"fish meal, vitamins, minerals",fish meal based nutritious meal suitable for fish (big) providing essential proteins vitamins and minerals.,safe
fish,big,broccoli meal,"broccoli, vitamins, minerals",broccoli based nutritious meal suitable for fish (big) providing essential proteins vitamins and minerals.,safe
fish,big,shrimp meal,"shrimp, vitamins, minerals",shrimp based nutritious meal suitable for fish (big) providing essential proteins vitamins and minerals.,safe
fish,big,salmon meal,"salmon, vitamins, minerals",salmon based nutritious meal suitable for fish (big) providing essential proteins vitamins and minerals.,safe
fish,big,shrimp meal,"shrimp, vitamins, minerals",shrimp based nutritious meal suitable for fish (big) providing essential proteins vitamins and minerals.,safe
fish,big,brown rice meal,"brown rice, vitamins, minerals",brown rice based nutritious meal suitable for fish (big) providing essential proteins vitamins and minerals.,safe
fish,big,egg meal,"egg, vitamins, minerals",egg based nutritious meal suitable for fish (big) providing essential proteins vitamins and minerals.,safe
fish,big,sweet potato meal,"sweet potato, vitamins, minerals",sweet potato based nutritious meal suitable for fish (big) providing essential proteins vitamins and minerals.,safe
fish,big,rice meal,"rice, vitamins, minerals",rice based nutritious meal suitable for fish (big) providing essential proteins vitamins and minerals.,safe
fish,big,sweet potato meal,"sweet potato, vitamins, minerals",sweet potato based nutritious meal suitable for fish (big) providing essential proteins vitamins and minerals.,safe
fish,big,salmon meal,"salmon, vitamins, minerals",salmon based nutritious meal suitable for fish (big) providing essential proteins vitamins and minerals.,safe
fish,big,sunflower seeds meal,"sunflower seeds, vitamins, minerals",sunflower seeds based nutritious meal suitable for fish (big) providing essential proteins vitamins and minerals.,safe
fish,big,brown rice meal,"brown rice, vitamins, minerals",brown rice based nutritious meal suitable for fish (big) providing essential proteins vitamins and minerals.,safe
fish,big,spinach meal,"spinach, vitamins, minerals",spinach based nutritious meal suitable for fish (big) providing essential proteins vitamins and minerals.,safe
fish,big,pumpkin meal,"pumpkin, vitamins, minerals",pumpkin based nutritious meal suitable for fish (big) providing essential proteins vitamins and minerals.,safe
fish,big,fish meal meal,"fish meal, vitamins, minerals",fish meal based nutritious meal suitable for fish (big) providing essential proteins vitamins and minerals.,safe
fish,big,sunflower seeds meal,"sunflower seeds, vitamins, minerals",sunflower seeds based nutritious meal suitable for fish (big) providing essential proteins vitamins and minerals.,safe
fish,big,oats meal,"oats, vitamins, minerals",oats based nutritious meal suitable for fish (big) providing essential proteins vitamins and minerals.,safe
fish,big,tuna meal,"tuna, vitamins, minerals",tuna based nutritious meal suitable for fish (big) providing essential proteins vitamins and minerals.,safe
fish,big,pumpkin meal,"pumpkin, vitamins, minerals",pumpkin based nutritious meal suitable for fish (big) providing essential proteins vitamins and minerals.,safe
fish,big,duck meal,"duck, vitamins, minerals",duck based nutritious meal suitable for fish (big) providing essential proteins vitamins and minerals.,safe
fish,big,lamb meal,"lamb, vitamins, minerals",lamb based nutritious meal suitable for fish (big) providing essential proteins vitamins and minerals.,safe
fish,big,chicken meal,"chicken, vitamins, minerals",chicken based nutritious meal suitable for fish (big) providing essential proteins vitamins and minerals.,safe
fish,big,tuna meal,"tuna, vitamins, minerals",tuna based nutritious meal suitable for fish (big) providing essential proteins vitamins and minerals.,safe
fish,big,tuna meal,"tuna, vitamins, minerals",tuna based nutritious meal suitable for fish (big) providing essential proteins vitamins and minerals.,safe
fish,big,salmon meal,"salmon, vitamins, minerals",salmon based nutritious meal suitable for fish (big) providing essential proteins vitamins and minerals.,safe
fish,big,salmon meal,"salmon, vitamins, minerals",salmon based nutritious meal suitable for fish (big) providing essential proteins vitamins and minerals.,safe
fish,big,fish meal meal,"fish meal, vitamins, minerals",fish meal based nutritious meal suitable for fish (big) providing essential proteins vitamins and minerals.,safe
fish,big,oats meal,"oats, vitamins, minerals",oats based nutritious meal suitable for fish (big) providing essential proteins vitamins and minerals.,safe
fish,big,turkey meal,"turkey, vitamins, minerals",turkey based nutritious meal suitable for fish (big) providing essential proteins vitamins and minerals.,safe
fish,big,shrimp meal,"shrimp, vitamins, minerals",shrimp based nutritious meal suitable for fish (big) providing essential proteins vitamins and minerals.,safe
fish,big,sweet potato meal,"sweet potato, vitamins, minerals",sweet potato based nutritious meal suitable for fish (big) providing essential proteins vitamins and minerals.,safe
fish,big,peas meal,"peas, vitamins, minerals",peas based nutritious meal suitable for fish (big) providing essential proteins vitamins and minerals.,safe
fish,big,shrimp meal,"shrimp, vitamins, minerals",shrimp based nutritious meal suitable for fish (big) providing essential proteins vitamins and minerals.,safe
fish,big,oats meal,"oats, vitamins, minerals",oats based nutritious meal suitable for fish (big) providing essential proteins vitamins and minerals.,safe
fish,big,carrot meal,"carrot, vitamins, minerals",carrot based nutritious meal suitable for fish (big) providing essential proteins vitamins and minerals.,safe
fish,big,spinach meal,"spinach, vitamins, minerals",spinach based nutritious meal suitable for fish (big) providing essential proteins vitamins and minerals.,safe
fish,big,egg meal,"egg, vitamins, minerals",egg based nutritious meal suitable for fish (big) providing essential proteins vitamins and minerals.,safe
fish,big,turkey meal,"turkey, vitamins, minerals",turkey based nutritious meal suitable for fish (big) providing essential proteins vitamins and minerals.,safe
fish,big,rice meal,"rice, vitamins, minerals",rice based nutritious meal suitable for fish (big) providing essential proteins vitamins and minerals.,safe
fish,big,broccoli meal,"broccoli, vitamins, minerals",broccoli based nutritious meal suitable for fish (big) providing essential proteins vitamins and minerals.,safe
fish,big,sunflower seeds meal,"sunflower seeds, vitamins, minerals",sunflower seeds based nutritious meal suitable for fish (big) providing essential proteins vitamins and minerals.,safe
fish,big,salmon meal,"salmon, vitamins, minerals",salmon based nutritious meal suitable for fish (big) providing essential proteins vitamins and minerals.,safe
fish,big,spinach meal,"spinach, vitamins, minerals",spinach based nutritious meal suitable for fish (big) providing essential proteins vitamins and minerals.,safe
fish,big,shrimp meal,"shrimp, vitamins, minerals",shrimp based nutritious meal suitable for fish (big) providing essential proteins vitamins and minerals.,safe
fish,big,broccoli meal,"broccoli, vitamins, minerals",broccoli based nutritious meal suitable for fish (big) providing essential proteins vitamins and minerals.,safe
fish,big,rice meal,"rice, vitamins, minerals",rice based nutritious meal suitable for fish (big) providing essential proteins vitamins and minerals.,safe
fish,big,salmon meal,"salmon, vitamins, minerals",salmon based nutritious meal suitable for fish (big) providing essential proteins vitamins and minerals.,safe
fish,big,sunflower seeds meal,"sunflower seeds, vitamins, minerals",sunflower seeds based nutritious meal suitable for fish (big) providing essential proteins vitamins and minerals.,safe
fish,big,fish meal meal,"fish meal, vitamins, minerals",fish meal based nutritious meal suitable for fish (big) providing essential proteins vitamins and minerals.,safe
fish,big,lamb meal,"lamb, vitamins, minerals",lamb based nutritious meal suitable for fish (big) providing essential proteins vitamins and minerals.,safe
fish,big,salmon meal,"salmon, vitamins, minerals",salmon based nutritious meal suitable for fish (big) providing essential proteins vitamins and minerals.,safe
fish,big,fish meal meal,"fish meal, vitamins, minerals",fish meal based nutritious meal suitable for fish (big) providing essential proteins vitamins and minerals.,safe
fish,big,lamb meal,"lamb, vitamins, minerals",lamb based nutritious meal suitable for fish (big) providing essential proteins vitamins and minerals.,safe
fish,big,wheat snack,"wheat, wheat, corn",wheat based food occasionally acceptable for fish (big) but should be given in limited quantities.,moderate
fish,big,yogurt snack,"yogurt, wheat, corn",yogurt based food occasionally acceptable for fish (big) but should be given in limited quantities.,moderate
fish,big,milk snack,"milk, wheat, corn",milk based food occasionally acceptable for fish (big) but should be given in limited quantities.,moderate
fish,big,potato snack,"potato, wheat, corn",potato based food occasionally acceptable for fish (big) but should be given in limited quantities.,moderate
fish,big,barley snack,"barley, wheat, corn",barley based food occasionally acceptable for fish (big) but should be given in limited quantities.,moderate
fish,big,yogurt snack,"yogurt, wheat, corn",yogurt based food occasionally acceptable for fish (big) but should be given in limited quantities.,moderate
fish,big,banana snack,"banana, wheat, corn",banana based food occasionally acceptable for fish (big) but should be given in limited quantities.,moderate
fish,big,coconut snack,"coconut, wheat, corn",coconut based food occasionally acceptable for fish (big) but should be given in limited quantities.,moderate
fish,big,cheese snack,"cheese, wheat, corn",cheese based food occasionally acceptable for fish (big) but should be given in limited quantities.,moderate
fish,big,soybean snack,"soybean, wheat, corn",soybean based food occasionally acceptable for fish (big) but should be given in limited quantities.,moderate
fish,big,soybean snack,"soybean, wheat, corn",soybean based food occasionally acceptable for fish (big) but should be given in limited quantities.,moderate
fish,big,honey snack,"honey, wheat, corn",honey based food occasionally acceptable for fish (big) but should be given in limited quantities.,moderate
fish,big,corn snack,"corn, wheat, corn",corn based food occasionally acceptable for fish (big) but should be given in limited quantities.,moderate
fish,big,corn snack,"corn, wheat, corn",corn based food occasionally acceptable for fish (big) but should be given in limited quantities.,moderate
fish,big,apple snack,"apple, wheat, corn",apple based food occasionally acceptable for fish (big) but should be given in limited quantities.,moderate
fish,big,bread snack,"bread, wheat, corn",bread based food occasionally acceptable for fish (big) but should be given in limited quantities.,moderate
fish,big,yogurt snack,"yogurt, wheat, corn",yogurt based food occasionally acceptable for fish (big) but should be given in limited quantities.,moderate
fish,big,potato snack,"potato, wheat, corn",potato based food occasionally acceptable for fish (big) but should be given in limited quantities.,moderate
fish,big,apple snack,"apple, wheat, corn",apple based food occasionally acceptable for fish (big) but should be given in limited quantities.,moderate
fish,big,wheat snack,"wheat, wheat, corn",wheat based food occasionally acceptable for fish (big) but should be given in limited quantities.,moderate
fish,big,yogurt snack,"yogurt, wheat, corn",yogurt based food occasionally acceptable for fish (big) but should be given in limited quantities.,moderate
fish,big,bread snack,"bread, wheat, corn",bread based food occasionally acceptable for fish (big) but should be given in limited quantities.,moderate
fish,big,soybean snack,"soybean, wheat, corn",soybean based food occasionally acceptable for fish (big) but should be given in limited quantities.,moderate
fish,big,banana snack,"banana, wheat, corn",banana based food occasionally acceptable for fish (big) but should be given in limited quantities.,moderate
fish,big,mango snack,"mango, wheat, corn",mango based food occasionally acceptable for fish (big) but should be given in limited quantities.,moderate
fish,big,cheese snack,"cheese, wheat, corn",cheese based food occasionally acceptable for fish (big) but should be given in limited quantities.,moderate
fish,big,milk snack,"milk, wheat, corn",milk based food occasionally acceptable for fish (big) but should be given in limited quantities.,moderate
fish,big,apple snack,"apple, wheat, corn",apple based food occasionally acceptable for fish (big) but should be given in limited quantities.,moderate
fish,big,honey snack,"honey, wheat, corn",honey based food occasionally acceptable for fish (big) but should be given in limited quantities.,moderate
fish,big,potato snack,"potato, wheat, corn",potato based food occasionally acceptable for fish (big) but should be given in limited quantities.,moderate
fish,big,cheese snack,"cheese, wheat, corn",cheese based food occasionally acceptable for fish (big) but should be given in limited quantities.,moderate
fish,big,coconut snack,"coconut, wheat, corn",coconut based food occasionally acceptable for fish (big) but should be given in limited quantities.,moderate
fish,big,coconut snack,"coconut, wheat, corn",coconut based food occasionally acceptable for fish (big) but should be given in limited quantities.,moderate
fish,big,milk snack,"milk, wheat, corn",milk based food occasionally acceptable for fish (big) but should be given in limited quantities.,moderate
fish,big,milk snack,"milk, wheat, corn",milk based food occasionally acceptable for fish (big) but should be given in limited quantities.,moderate
fish,big,wheat snack,"wheat, wheat, corn",wheat based food occasionally acceptable for fish (big) but should be given in limited quantities.,moderate
fish,big,apple snack,"apple, wheat, corn",apple based food occasionally acceptable for fish (big) but should be given in limited quantities.,moderate
fish,big,corn snack,"corn, wheat, corn",corn based food occasionally acceptable for fish (big) but should be given in limited quantities.,moderate
fish,big,yogurt snack,"yogurt, wheat, corn",yogurt based food occasionally acceptable for fish (big) but should be given in limited quantities.,moderate
fish,big,yogurt snack,"yogurt, wheat, corn",yogurt based food occasionally acceptable for fish (big) but should be given in limited quantities.,moderate
fish,big,yogurt snack,"yogurt, wheat, corn",yogurt based food occasionally acceptable for fish (big) but should be given in limited quantities.,moderate
fish,big,banana snack,"banana, wheat, corn",banana based food occasionally acceptable for fish (big) but should be given in limited quantities.,moderate
fish,big,coconut snack,"coconut, wheat, corn",coconut based food occasionally acceptable for fish (big) but should be given in limited quantities.,moderate
fish,big,cheese snack,"cheese, wheat, corn",cheese based food occasionally acceptable for fish (big) but should be given in limited quantities.,moderate
fish,big,peanut butter snack,"peanut butter, wheat, corn",peanut butter based food occasionally acceptable for fish (big) but should be given in limited quantities.,moderate
fish,big,yogurt snack,"yogurt, wheat, corn",yogurt based food occasionally acceptable for fish (big) but should be given in limited quantities.,moderate
fish,big,wheat snack,"wheat, wheat, corn",wheat based food occasionally acceptable for fish (big) but should be given in limited quantities.,moderate
fish,big,mango snack,"mango, wheat, corn",mango based food occasionally acceptable for fish (big) but should be given in limited quantities.,moderate
fish,big,yogurt snack,"yogurt, wheat, corn",yogurt based food occasionally acceptable for fish (big) but should be given in limited quantities.,moderate
fish,big,mango snack,"mango, wheat, corn",mango based food occasionally acceptable for fish (big) but should be given in limited quantities.,moderate
fish,big,wheat snack,"wheat, wheat, corn",wheat based food occasionally acceptable for fish (big) but should be given in limited quantities.,moderate
fish,big,corn snack,"corn, wheat, corn",corn based food occasionally acceptable for fish (big) but should be given in limited quantities.,moderate
fish,big,soybean snack,"soybean, wheat, corn",soybean based food occasionally acceptable for fish (big) but should be given in limited quantities.,moderate
fish,big,wheat snack,"wheat, wheat, corn",wheat based food occasionally acceptable for fish (big) but should be given in limited quantities.,moderate
fish,big,cheese snack,"cheese, wheat, corn",cheese based food occasionally acceptable for fish (big) but should be given in limited quantities.,moderate
fish,big,peanut butter snack,"peanut butter, wheat, corn",peanut butter based food occasionally acceptable for fish (big) but should be given in limited quantities.,moderate
fish,big,cheese snack,"cheese, wheat, corn",cheese based food occasionally acceptable for fish (big) but should be given in limited quantities.,moderate
fish,big,coconut snack,"coconut, wheat, corn",coconut based food occasionally acceptable for fish (big) but should be given in limited quantities.,moderate
fish,big,potato snack,"potato, wheat, corn",potato based food occasionally acceptable for fish (big) but should be given in limited quantities.,moderate
fish,big,mango snack,"mango, wheat, corn",mango based food occasionally acceptable for fish (big) but should be given in limited quantities.,moderate
fish,big,barley snack,"barley, wheat, corn",barley based food occasionally acceptable for fish (big) but should be given in limited quantities.,moderate
fish,big,honey snack,"honey, wheat, corn",honey based food occasionally acceptable for fish (big) but should be given in limited quantities.,moderate
fish,big,honey snack,"honey, wheat, corn",honey based food occasionally acceptable for fish (big) but should be given in limited quantities.,moderate
fish,big,corn snack,"corn, wheat, corn",corn based food occasionally acceptable for fish (big) but should be given in limited quantities.,moderate
fish,big,apple snack,"apple, wheat, corn",apple based food occasionally acceptable for fish (big) but should be given in limited quantities.,moderate
fish,big,honey snack,"honey, wheat, corn",honey based food occasionally acceptable for fish (big) but should be given in limited quantities.,moderate
fish,big,cheese snack,"cheese, wheat, corn",cheese based food occasionally acceptable for fish (big) but should be given in limited quantities.,moderate
fish,big,honey snack,"honey, wheat, corn",honey based food occasionally acceptable for fish (big) but should be given in limited quantities.,moderate
fish,big,bread snack,"bread, wheat, corn",bread based food occasionally acceptable for fish (big) but should be given in limited quantities.,moderate
fish,big,yogurt snack,"yogurt, wheat, corn",yogurt based food occasionally acceptable for fish (big) but should be given in limited quantities.,moderate
fish,big,potato snack,"potato, wheat, corn",potato based food occasionally acceptable for fish (big) but should be given in limited quantities.,moderate
fish,big,banana snack,"banana, wheat, corn",banana based food occasionally acceptable for fish (big) but should be given in limited quantities.,moderate
fish,big,peanut butter snack,"peanut butter, wheat, corn",peanut butter based food occasionally acceptable for fish (big) but should be given in limited quantities.,moderate
fish,big,apple snack,"apple, wheat, corn",apple based food occasionally acceptable for fish (big) but should be given in limited quantities.,moderate
fish,big,soybean snack,"soybean, wheat, corn",soybean based food occasionally acceptable for fish (big) but should be given in limited quantities.,moderate
fish,big,banana snack,"banana, wheat, corn",banana based food occasionally acceptable for fish (big) but should be given in limited quantities.,moderate
fish,big,milk snack,"milk, wheat, corn",milk based food occasionally acceptable for fish (big) but should be given in limited quantities.,moderate
fish,big,banana snack,"banana, wheat, corn",banana based food occasionally acceptable for fish (big) but should be given in limited quantities.,moderate
fish,big,mango snack,"mango, wheat, corn",mango based food occasionally acceptable for fish (big) but should be given in limited quantities.,moderate
fish,big,milk snack,"milk, wheat, corn",milk based food occasionally acceptable for fish (big) but should be given in limited quantities.,moderate
fish,big,yogurt snack,"yogurt, wheat, corn",yogurt based food occasionally acceptable for fish (big) but should be given in limited quantities.,moderate
fish,big,bread snack,"bread, wheat, corn",bread based food occasionally acceptable for fish (big) but should be given in limited quantities.,moderate
fish,big,yogurt snack,"yogurt, wheat, corn",yogurt based food occasionally acceptable for fish (big) but should be given in limited quantities.,moderate
fish,big,coconut snack,"coconut, wheat, corn",coconut based food occasionally acceptable for fish (big) but should be given in limited quantities.,moderate
fish,big,potato snack,"potato, wheat, corn",potato based food occasionally acceptable for fish (big) but should be given in limited quantities.,moderate
fish,big,peanut butter snack,"peanut butter, wheat, corn",peanut butter based food occasionally acceptable for fish (big) but should be given in limited quantities.,moderate
fish,big,banana snack,"banana, wheat, corn",banana based food occasionally acceptable for fish (big) but should be given in limited quantities.,moderate
fish,big,wheat snack,"wheat, wheat, corn",wheat based food occasionally acceptable for fish (big) but should be given in limited quantities.,moderate
fish,big,coconut snack,"coconut, wheat, corn",coconut based food occasionally acceptable for fish (big) but should be given in limited quantities.,moderate
fish,big,banana snack,"banana, wheat, corn",banana based food occasionally acceptable for fish (big) but should be given in limited quantities.,moderate
fish,big,apple snack,"apple, wheat, corn",apple based food occasionally acceptable for fish (big) but should be given in limited quantities.,moderate
fish,big,yogurt snack,"yogurt, wheat, corn",yogurt based food occasionally acceptable for fish (big) but should be given in limited quantities.,moderate
fish,big,barley snack,"barley, wheat, corn",barley based food occasionally acceptable for fish (big) but should be given in limited quantities.,moderate
fish,big,peanut butter snack,"peanut butter, wheat, corn",peanut butter based food occasionally acceptable for fish (big) but should be given in limited quantities.,moderate
fish,big,coconut snack,"coconut, wheat, corn",coconut based food occasionally acceptable for fish (big) but should be given in limited quantities.,moderate
fish,big,corn snack,"corn, wheat, corn",corn based food occasionally acceptable for fish (big) but should be given in limited quantities.,moderate
fish,big,banana snack,"banana, wheat, corn",banana based food occasionally acceptable for fish (big) but should be given in limited quantities.,moderate
fish,big,apple snack,"apple, wheat, corn",apple based food occasionally acceptable for fish (big) but should be given in limited quantities.,moderate
fish,big,peanut butter snack,"peanut butter, wheat, corn",peanut butter based food occasionally acceptable for fish (big) but should be given in limited quantities.,moderate
fish,big,peanut butter snack,"peanut butter, wheat, corn",peanut butter based food occasionally acceptable for fish (big) but should be given in limited quantities.,moderate
fish,big,onion food,"onion, additives",onion containing product that may be harmful or toxic for fish (big) and should be avoided.,unsafe
fish,big,alcohol food,"alcohol, additives",alcohol containing product that may be harmful or toxic for fish (big) and should be avoided.,unsafe
fish,big,avocado food,"avocado, additives",avocado containing product that may be harmful or toxic for fish (big) and should be avoided.,unsafe
fish,big,raisins food,"raisins, additives",raisins containing product that may be harmful or toxic for fish (big) and should be avoided.,unsafe
fish,big,avocado food,"avocado, additives",avocado containing product that may be harmful or toxic for fish (big) and should be avoided.,unsafe
fish,big,oil residue food,"oil residue, additives",oil residue containing product that may be harmful or toxic for fish (big) and should be avoided.,unsafe
fish,big,detergent food,"detergent, additives",detergent containing product that may be harmful or toxic for fish (big) and should be avoided.,unsafe
fish,big,macadamia nuts food,"macadamia nuts, additives",macadamia nuts containing product that may be harmful or toxic for fish (big) and should be avoided.,unsafe
fish,big,onion food,"onion, additives",onion containing product that may be harmful or toxic for fish (big) and should be avoided.,unsafe
fish,big,alcohol food,"alcohol, additives",alcohol containing product that may be harmful or toxic for fish (big) and should be avoided.,unsafe
fish,big,soap food,"soap, additives",soap containing product that may be harmful or toxic for fish (big) and should be avoided.,unsafe
fish,big,macadamia nuts food,"macadamia nuts, additives",macadamia nuts containing product that may be harmful or toxic for fish (big) and should be avoided.,unsafe
fish,big,ammonia food,"ammonia, additives",ammonia containing product that may be harmful or toxic for fish (big) and should be avoided.,unsafe
fish,big,alcohol food,"alcohol, additives",alcohol containing product that may be harmful or toxic for fish (big) and should be avoided.,unsafe
fish,big,chocolate food,"chocolate, additives",chocolate containing product that may be harmful or toxic for fish (big) and should be avoided.,unsafe
fish,big,xylitol food,"xylitol, additives",xylitol containing product that may be harmful or toxic for fish (big) and should be avoided.,unsafe
fish,big,raisins food,"raisins, additives",raisins containing product that may be harmful or toxic for fish (big) and should be avoided.,unsafe
fish,big,salt overdose food,"salt overdose, additives",salt overdose containing product that may be harmful or toxic for fish (big) and should be avoided.,unsafe
fish,big,macadamia nuts food,"macadamia nuts, additives",macadamia nuts containing product that may be harmful or toxic for fish (big) and should be avoided.,unsafe
fish,big,grapes food,"grapes, additives",grapes containing product that may be harmful or toxic for fish (big) and should be avoided.,unsafe
fish,big,avocado food,"avocado, additives",avocado containing product that may be harmful or toxic for fish (big) and should be avoided.,unsafe
fish,big,soap food,"soap, additives",soap containing product that may be harmful or toxic for fish (big) and should be avoided.,unsafe
fish,big,salt overdose food,"salt overdose, additives",salt overdose containing product that may be harmful or toxic for fish (big) and should be avoided.,unsafe
fish,big,avocado food,"avocado, additives",avocado containing product that may be harmful or toxic for fish (big) and should be avoided.,unsafe
fish,big,raisins food,"raisins, additives",raisins containing product that may be harmful or toxic for fish (big) and should be avoided.,unsafe
fish,big,detergent food,"detergent, additives",detergent containing product that may be harmful or toxic for fish (big) and should be avoided.,unsafe
fish,big,xylitol food,"xylitol, additives",xylitol containing product that may be harmful or toxic for fish (big) and should be avoided.,unsafe
fish,big,raisins food,"raisins, additives",raisins containing product that may be harmful or toxic for fish (big) and should be avoided.,unsafe
fish,big,onion food,"onion, additives",onion containing product that may be harmful or toxic for fish (big) and should be avoided.,unsafe
fish,big,chocolate food,"chocolate, additives",chocolate containing product that may be harmful or toxic for fish (big) and should be avoided.,unsafe
fish,big,salt overdose food,"salt overdose, additives",salt overdose containing product that may be harmful or toxic for fish (big) and should be avoided.,unsafe
fish,big,ammonia food,"ammonia, additives",ammonia containing product that may be harmful or toxic for fish (big) and should be avoided.,unsafe
fish,big,onion food,"onion, additives",onion containing product that may be harmful or toxic for fish (big) and should be avoided.,unsafe
fish,big,caffeine food,"caffeine, additives",caffeine containing product that may be harmful or toxic for fish (big) and should be avoided.,unsafe
fish,big,avocado food,"avocado, additives",avocado containing product that may be harmful or toxic for fish (big) and should be avoided.,unsafe
fish,big,onion food,"onion, additives",onion containing product that may be harmful or toxic for fish (big) and should be avoided.,unsafe
fish,big,ammonia food,"ammonia, additives",ammonia containing product that may be harmful or toxic for fish (big) and should be avoided.,unsafe
fish,big,macadamia nuts food,"macadamia nuts, additives",macadamia nuts containing product that may be harmful or toxic for fish (big) and should be avoided.,unsafe
fish,big,raisins food,"raisins, additives",raisins containing product that may be harmful or toxic for fish (big) and should be avoided.,unsafe
fish,big,caffeine food,"caffeine, additives",caffeine containing product that may be harmful or toxic for fish (big) and should be avoided.,unsafe
fish,big,chocolate food,"chocolate, additives",chocolate containing product that may be harmful or toxic for fish (big) and should be avoided.,unsafe
fish,big,chocolate food,"chocolate, additives",chocolate containing product that may be harmful or toxic for fish (big) and should be avoided.,unsafe
fish,big,detergent food,"detergent, additives",detergent containing product that may be harmful or toxic for fish (big) and should be avoided.,unsafe
fish,big,raisins food,"raisins, additives",raisins containing product that may be harmful or toxic for fish (big) and should be avoided.,unsafe
fish,big,oil residue food,"oil residue, additives",oil residue containing product that may be harmful or toxic for fish (big) and should be avoided.,unsafe
fish,big,chocolate food,"chocolate, additives",chocolate containing product that may be harmful or toxic for fish (big) and should be avoided.,unsafe
fish,big,garlic food,"garlic, additives",garlic containing product that may be harmful or toxic for fish (big) and should be avoided.,unsafe
fish,big,macadamia nuts food,"macadamia nuts, additives",macadamia nuts containing product that may be harmful or toxic for fish (big) and should be avoided.,unsafe
fish,big,caffeine food,"caffeine, additives",caffeine containing product that may be harmful or toxic for fish (big) and should be avoided.,unsafe
fish,big,salt overdose food,"salt overdose, additives",salt overdose containing product that may be harmful or toxic for fish (big) and should be avoided.,unsafe
fish,big,macadamia nuts food,"macadamia nuts, additives",macadamia nuts containing product that may be harmful or toxic for fish (big) and should be avoided.,unsafe
fish,big,onion food,"onion, additives",onion containing product that may be harmful or toxic for fish (big) and should be avoided.,unsafe
fish,big,avocado food,"avocado, additives",avocado containing product that may be harmful or toxic for fish (big) and should be avoided.,unsafe
fish,big,xylitol food,"xylitol, additives",xylitol containing product that may be harmful or toxic for fish (big) and should be avoided.,unsafe
fish,big,onion food,"onion, additives",onion containing product that may be harmful or toxic for fish (big) and should be avoided.,unsafe
fish,big,alcohol food,"alcohol, additives",alcohol containing product that may be harmful or toxic for fish (big) and should be avoided.,unsafe
fish,big,xylitol food,"xylitol, additives",xylitol containing product that may be harmful or toxic for fish (big) and should be avoided.,unsafe
fish,big,ammonia food,"ammonia, additives",ammonia containing product that may be harmful or toxic for fish (big) and should be avoided.,unsafe
fish,big,avocado food,"avocado, additives",avocado containing product that may be harmful or toxic for fish (big) and should be avoided.,unsafe
fish,big,grapes food,"grapes, additives",grapes containing product that may be harmful or toxic for fish (big) and should be avoided.,unsafe
fish,big,chocolate food,"chocolate, additives",chocolate containing product that may be harmful or toxic for fish (big) and should be avoided.,unsafe
fish,big,raisins food,"raisins, additives",raisins containing product that may be harmful or toxic for fish (big) and should be avoided.,unsafe
fish,big,salt overdose food,"salt overdose, additives",salt overdose containing product that may be harmful or toxic for fish (big) and should be avoided.,unsafe
fish,big,alcohol food,"alcohol, additives",alcohol containing product that may be harmful or toxic for fish (big) and should be avoided.,unsafe
fish,big,soap food,"soap, additives",soap containing product that may be harmful or toxic for fish (big) and should be avoided.,unsafe
fish,big,detergent food,"detergent, additives",detergent containing product that may be harmful or toxic for fish (big) and should be avoided.,unsafe
fish,big,garlic food,"garlic, additives",garlic containing product that may be harmful or toxic for fish (big) and should be avoided.,unsafe
fish,big,chocolate food,"chocolate, additives",chocolate containing product that may be harmful or toxic for fish (big) and should be avoided.,unsafe
fish,big,salt overdose food,"salt overdose, additives",salt overdose containing product that may be harmful or toxic for fish (big) and should be avoided.,unsafe
fish,big,grapes food,"grapes, additives",grapes containing product that may be harmful or toxic for fish (big) and should be avoided.,unsafe
fish,big,macadamia nuts food,"macadamia nuts, additives",macadamia nuts containing product that may be harmful or toxic for fish (big) and should be avoided.,unsafe
fish,big,soap food,"soap, additives",soap containing product that may be harmful or toxic for fish (big) and should be avoided.,unsafe
fish,big,soap food,"soap, additives",soap containing product that may be harmful or toxic for fish (big) and should be avoided.,unsafe
fish,big,onion food,"onion, additives",onion containing product that may be harmful or toxic for fish (big) and should be avoided.,unsafe
fish,big,salt overdose food,"salt overdose, additives",salt overdose containing product that may be harmful or toxic for fish (big) and should be avoided.,unsafe
fish,big,xylitol food,"xylitol, additives",xylitol containing product that may be harmful or toxic for fish (big) and should be avoided.,unsafe
fish,big,xylitol food,"xylitol, additives",xylitol containing product that may be harmful or toxic for fish (big) and should be avoided.,unsafe
fish,big,detergent food,"detergent, additives",detergent containing product that may be harmful or toxic for fish (big) and should be avoided.,unsafe
fish,big,chocolate food,"chocolate, additives",chocolate containing product that may be harmful or toxic for fish (big) and should be avoided.,unsafe
fish,big,soap food,"soap, additives",soap containing product that may be harmful or toxic for fish (big) and should be avoided.,unsafe
fish,big,caffeine food,"caffeine, additives",caffeine containing product that may be harmful or toxic for fish (big) and should be avoided.,unsafe
fish,big,macadamia nuts food,"macadamia nuts, additives",macadamia nuts containing product that may be harmful or toxic for fish (big) and should be avoided.,unsafe
fish,big,soap food,"soap, additives",soap containing product that may be harmful or toxic for fish (big) and should be avoided.,unsafe
fish,big,alcohol food,"alcohol, additives",alcohol containing product that may be harmful or toxic for fish (big) and should be avoided.,unsafe
fish,big,oil residue food,"oil residue, additives",oil residue containing product that may be harmful or toxic for fish (big) and should be avoided.,unsafe
fish,big,soap food,"soap, additives",soap containing product that may be harmful or toxic for fish (big) and should be avoided.,unsafe
fish,big,soap food,"soap, additives",soap containing product that may be harmful or toxic for fish (big) and should be avoided.,unsafe
fish,big,onion food,"onion, additives",onion containing product that may be harmful or toxic for fish (big) and should be avoided.,unsafe
fish,big,ammonia food,"ammonia, additives",ammonia containing product that may be harmful or toxic for fish (big) and should be avoided.,unsafe
fish,big,oil residue food,"oil residue, additives",oil residue containing product that may be harmful or toxic for fish (big) and should be avoided.,unsafe
fish,big,ammonia food,"ammonia, additives",ammonia containing product that may be harmful or toxic for fish (big) and should be avoided.,unsafe
fish,big,raisins food,"raisins, additives",raisins containing product that may be harmful or toxic for fish (big) and should be avoided.,unsafe
fish,big,macadamia nuts food,"macadamia nuts, additives",macadamia nuts containing product that may be harmful or toxic for fish (big) and should be avoided.,unsafe
fish,big,oil residue food,"oil residue, additives",oil residue containing product that may be harmful or toxic for fish (big) and should be avoided.,unsafe
fish,big,onion food,"onion, additives",onion containing product that may be harmful or toxic for fish (big) and should be avoided.,unsafe
fish,big,detergent food,"detergent, additives",detergent containing product that may be harmful or toxic for fish (big) and should be avoided.,unsafe
fish,big,macadamia nuts food,"macadamia nuts, additives",macadamia nuts containing product that may be harmful or toxic for fish (big) and should be avoided.,unsafe
fish,big,raisins food,"raisins, additives",raisins containing product that may be harmful or toxic for fish (big) and should be avoided.,unsafe
fish,big,raisins food,"raisins, additives",raisins containing product that may be harmful or toxic for fish (big) and should be avoided.,unsafe
fish,big,macadamia nuts food,"macadamia nuts, additives",macadamia nuts containing product that may be harmful or toxic for fish (big) and should be avoided.,unsafe
